{"stats":{"minecraft:picked_up":{"minecraft:wheat_seeds":3,"minecraft:spruce_stairs":1,"minecraft:dirt":3},"minecraft:dropped":{"minecraft:dirt":1},"minecraft:mined":{"minecraft:grass":17,"minecraft:spruce_stairs":1,"minecraft:grass_block":2},"minecraft:used":{"minecraft:dirt":2,"minecraft:spruce_stairs":1},"minecraft:killed":{"minecraft:spider":1},"minecraft:custom":{"minecraft:time_since_rest":6238,"minecraft:crouch_one_cm":1024,"minecraft:sprint_one_cm":12946,"minecraft:play_time":6238,"minecraft:damage_taken":125,"minecraft:walk_one_cm":2569,"minecraft:sneak_time":400,"minecraft:mob_kills":1,"minecraft:drop":1,"minecraft:jump":207,"minecraft:damage_dealt":278,"minecraft:interact_with_blast_furnace":1,"minecraft:leave_game":5,"minecraft:time_since_death":6238,"minecraft:total_world_time":6238,"minecraft:fall_one_cm":7932,"minecraft:fly_one_cm":47809}},"DataVersion":3120}