{"stats":{"minecraft:crafted":{"minecraft:oak_planks":40,"regions_unexplored:maple_planks":48,"minecraft:cooked_chicken":1,"minecraft:furnace":2,"minecraft:bone_meal":15,"minecraft:cooked_mutton":2,"minecraft:iron_boots":1,"minecraft:ladder":18,"minecraft:stone_pickaxe":2,"minecraft:chest":3,"lightsout:steel_hammer":5,"regions_unexplored:maple_trapdoor":2,"lightsout:steel_ingot":57,"minecraft:diamond_axe":1,"minecraft:crafting_table":4,"minecraft:spruce_planks":148,"minecraft:wooden_pickaxe":1,"minecraft:spruce_door":3,"lightsout:ruby_sword":1,"minecraft:copper_ingot":14,"minecraft:bucket":1,"minecraft:stone_axe":2,"minecraft:bread":1,"minecraft:air":0,"minecraft:iron_chestplate":1,"minecraft:diamond_pickaxe":1,"minecraft:stick":92,"minecraft:iron_ingot":60,"minecraft:iron_pickaxe":2,"minecraft:stone_sword":2,"minecraft:iron_leggings":1,"minecraft:torch":176},"minecraft:picked_up":{"minecraft:spruce_leaves":67,"minecraft:crafting_table":3,"minecraft:coarse_dirt":2,"minecraft:chicken":1,"minecraft:ladder":4,"regions_unexplored:silt_dirt":1,"regions_unexplored:maple_planks":18,"gravestone:obituary":6,"regions_unexplored:red_maple_leaf_pile":11,"minecraft:string":2,"minecraft:raw_copper":203,"regions_unexplored:orange_maple_sapling":1,"minecraft:cobbled_deepslate":2265,"lightsout:raw_steel":119,"minecraft:spruce_planks":1,"regions_unexplored:maple_leaf_pile":17,"minecraft:calcite":81,"cgm:advanced_bullet":96,"minecraft:sugar_cane":11,"minecraft:chest":1,"minecraft:furnace":2,"minecraft:egg":1,"minecraft:stick":21,"minecraft:raw_iron":78,"regions_unexplored:silver_birch_leaf_pile":5,"lightsout:steel_hammer":1,"minecraft:torch":44,"sophisticatedbackpacks:backpack":2,"minecraft:diorite":186,"minecraft:redstone":17,"lightsout:apple_candy":1,"lightsout:raw_adamantit":1,"minecraft:stone_sword":1,"minecraft:rotten_flesh":9,"minecraft:arrow":3,"regions_unexplored:maple_sapling":5,"minecraft:beetroot_seeds":1,"lightsout:raspberry_candy":3,"minecraft:shears":1,"create:asurine":67,"minecraft:mutton":2,"iammusicplayer:boombox":6,"minecraft:white_wool":2,"minecraft:cobblestone":2945,"minecraft:birch_leaves":53,"minecraft:feather":1,"minecraft:andesite":387,"minecraft:leather":2,"minecraft:oak_log":18,"minecraft:tuff":198,"create:raw_zinc":32,"minecraft:gunpowder":13,"minecraft:cobblestone_stairs":1,"minecraft:lapis_lazuli":104,"minecraft:dirt":41,"lightsout:rotten_brain":7,"minecraft:bone":5,"lightsout:ruby_item":2,"minecraft:apple":2,"lightsout:ectoplasm":4,"minecraft:bow":1,"minecraft:wheat_seeds":11,"minecraft:raw_gold":1,"minecraft:iron_ingot":15,"regions_unexplored:dropleaf":16,"minecraft:oak_planks":16,"regions_unexplored:orange_maple_leaf_pile":5,"lightsout:chocolate":1,"minecraft:sweet_berries":72,"cgm:rifle":1,"minecraft:gravel":26,"minecraft:spruce_sapling":15,"minecraft:spruce_log":141,"lightsout:amber_item":11,"minecraft:spider_eye":1,"minecraft:mossy_cobblestone":3,"minecraft:diamond":10,"minecraft:stone_axe":1,"minecraft:granite":68,"regions_unexplored:maple_log":26,"minecraft:gray_wool":1,"minecraft:bread":51,"minecraft:oak_sapling":2,"minecraft:coal":180,"minecraft:oak_leaves":144,"minecraft:ender_pearl":1},"minecraft:custom":{"minecraft:mob_kills":22,"minecraft:interact_with_crafting_table":55,"minecraft:open_barrel":7,"minecraft:leave_game":8,"minecraft:time_since_death":45321,"minecraft:climb_one_cm":66346,"minecraft:sprint_one_cm":592481,"minecraft:walk_one_cm":650926,"minecraft:drop":105,"minecraft:play_time":401045,"minecraft:sneak_time":40811,"minecraft:deaths":12,"minecraft:walk_under_water_one_cm":8943,"minecraft:jump":3805,"minecraft:walk_on_water_one_cm":46849,"minecraft:total_world_time":401045,"minecraft:interact_with_furnace":59,"minecraft:interact_with_loom":1,"minecraft:sleep_in_bed":1,"minecraft:time_since_rest":45336,"minecraft:damage_taken":7308,"minecraft:damage_dealt":5118,"minecraft:swim_one_cm":69598,"minecraft:fly_one_cm":536096,"minecraft:open_chest":92,"minecraft:crouch_one_cm":121853,"minecraft:fall_one_cm":123037},"minecraft:dropped":{"regions_unexplored:dropleaf":2,"minecraft:bread":1,"minecraft:birch_leaves":53,"minecraft:wheat_seeds":2,"minecraft:oak_log":9,"minecraft:feather":1,"minecraft:cobblestone":1145,"minecraft:granite":1,"minecraft:dirt":3,"minecraft:gray_wool":1,"minecraft:diorite":142,"minecraft:torch":7,"gravestone:obituary":17,"regions_unexplored:maple_log":14,"minecraft:stone_axe":1,"minecraft:coarse_dirt":2,"minecraft:stone_sword":2,"minecraft:cobbled_deepslate":1226,"minecraft:raw_copper":37,"minecraft:tuff":61,"iammusicplayer:boombox":1,"lightsout:steel_hammer":2,"minecraft:andesite":263,"minecraft:oak_leaves":16},"minecraft:killed":{"lightsout:psychopath":1,"minecraft:spider":3,"lightsout:wraith":2,"lightsout:trumpet_skeleton":1,"minecraft:skeleton":1,"lightsout:glow_bug":1,"lightsout:mothron_horror_night":1,"lightsout:aqualing":4,"minecraft:creeper":5,"minecraft:sheep":1,"minecraft:zombie":2,"lightsout:mothman":1},"minecraft:killed_by":{"lightsout:mothron_horror_night":1,"minecraft:player":4,"lightsout:wraith":1,"lightsout:ghost":1,"minecraft:skeleton":1,"mokey:mokey":2,"cave_dweller:cave_dweller":1,"lightsout:tripod":1},"minecraft:mined":{"create:zinc_ore":2,"create:deepslate_zinc_ore":24,"minecraft:tuff":64,"minecraft:spruce_planks":2,"regions_unexplored:maple_planks":18,"minecraft:deepslate_diamond_ore":8,"regions_unexplored:maple_log":25,"regions_unexplored:dropleaf_plant":3,"regions_unexplored:dropleaf":27,"minecraft:ladder":4,"gravestone:gravestone":12,"minecraft:granite":8,"minecraft:grass_block":31,"lightsout:amber_ore":2,"iammusicplayer:boombox":3,"regions_unexplored:maple_leaves":117,"minecraft:spruce_leaves":176,"minecraft:large_fern":2,"regions_unexplored:stone_bud":6,"minecraft:furnace":2,"minecraft:iron_ore":23,"minecraft:cobbled_deepslate":11,"regions_unexplored:mossy_stone":3,"minecraft:andesite":101,"regions_unexplored:orange_maple_leaves":1,"regions_unexplored:silver_birch_leaves":14,"create:asurine":17,"regions_unexplored:maple_leaf_pile":6,"minecraft:deepslate_iron_ore":7,"regions_unexplored:red_maple_leaves":2,"regions_unexplored:medium_grass":10,"regions_unexplored:orange_maple_leaf_pile":10,"minecraft:stone":817,"regions_unexplored:silt_grass_block":1,"minecraft:glass_pane":2,"regions_unexplored:silver_birch_leaf_pile":6,"minecraft:crafting_table":3,"minecraft:torch":14,"minecraft:calcite":12,"minecraft:chest":1,"minecraft:copper_ore":31,"minecraft:tall_grass":4,"minecraft:cobblestone":59,"minecraft:deepslate_gold_ore":2,"minecraft:lapis_ore":5,"minecraft:oak_planks":15,"minecraft:sugar_cane":4,"minecraft:diorite":33,"minecraft:wall_torch":14,"farmersdelight:wild_beetroots":1,"minecraft:coarse_dirt":1,"minecraft:sweet_berry_bush":32,"minecraft:spruce_log":117,"minecraft:birch_leaves":53,"regions_unexplored:red_maple_leaf_pile":8,"minecraft:grass":49,"minecraft:oak_log":17,"minecraft:coal_ore":95,"minecraft:gravel":4,"minecraft:dirt":11,"lightsout:steel_ore":38,"minecraft:oak_leaves":180,"minecraft:deepslate":381,"lightsout:autumn_oak_leaves":36},"minecraft:broken":{"minecraft:shears":1,"minecraft:stone_pickaxe":2,"minecraft:stone_axe":1,"minecraft:iron_pickaxe":1,"lightsout:steel_hammer":2},"minecraft:used":{"minecraft:stone_sword":21,"minecraft:dried_kelp":5,"minecraft:ladder":22,"minecraft:chest":4,"minecraft:spruce_planks":71,"minecraft:iron_sword":145,"minecraft:cooked_chicken":1,"minecraft:rotten_flesh":20,"minecraft:spruce_leaves":67,"regions_unexplored:maple_planks":25,"minecraft:torch":171,"minecraft:dirt":30,"iammusicplayer:boombox":3,"minecraft:tuff":19,"cgm:rifle":40,"lightsout:raspberry_candy":3,"lightsout:ruby_sword":107,"minecraft:furnace":4,"minecraft:egg":3,"minecraft:cobbled_deepslate":35,"lightsout:steel_hammer":1037,"minecraft:cooked_mutton":2,"minecraft:cobblestone_stairs":1,"minecraft:spruce_door":1,"lightsout:chocolate":1,"minecraft:stone_pickaxe":264,"minecraft:oak_planks":36,"minecraft:wooden_pickaxe":27,"minecraft:diamond_axe":68,"minecraft:oak_leaves":43,"lightsout:apple_candy":1,"minecraft:crafting_table":7,"minecraft:shears":198,"minecraft:spruce_log":74,"minecraft:apple":2,"minecraft:bread":51,"minecraft:iron_pickaxe":449,"minecraft:spruce_sapling":10,"minecraft:stone_axe":231,"minecraft:cobblestone":836,"regions_unexplored:maple_trapdoor":2,"minecraft:bone_meal":6}},"DataVersion":3120}