{"stats":{"minecraft:mined":{"create:zinc_ore":2,"create:deepslate_zinc_ore":24,"minecraft:tuff":52,"regions_unexplored:maple_planks":18,"minecraft:deepslate_diamond_ore":8,"regions_unexplored:maple_log":25,"gravestone:gravestone":9,"minecraft:ladder":3,"minecraft:grass_block":31,"iammusicplayer:boombox":3,"regions_unexplored:maple_leaves":79,"minecraft:spruce_leaves":136,"minecraft:large_fern":2,"regions_unexplored:stone_bud":4,"minecraft:furnace":2,"minecraft:iron_ore":16,"minecraft:cobbled_deepslate":11,"regions_unexplored:mossy_stone":3,"minecraft:andesite":57,"regions_unexplored:orange_maple_leaves":1,"regions_unexplored:silver_birch_leaves":14,"create:asurine":17,"minecraft:deepslate_iron_ore":7,"regions_unexplored:medium_grass":5,"minecraft:stone":426,"minecraft:glass_pane":2,"minecraft:crafting_table":3,"minecraft:torch":13,"minecraft:calcite":12,"minecraft:chest":1,"minecraft:tall_grass":4,"minecraft:copper_ore":5,"minecraft:cobblestone":43,"minecraft:deepslate_gold_ore":2,"minecraft:lapis_ore":5,"minecraft:sugar_cane":4,"minecraft:oak_planks":15,"minecraft:diorite":30,"minecraft:wall_torch":12,"farmersdelight:wild_beetroots":1,"minecraft:coarse_dirt":1,"minecraft:sweet_berry_bush":32,"minecraft:spruce_log":52,"minecraft:birch_leaves":53,"minecraft:grass":40,"minecraft:oak_log":17,"minecraft:coal_ore":86,"minecraft:gravel":3,"minecraft:dirt":6,"lightsout:steel_ore":23,"minecraft:oak_leaves":172,"minecraft:deepslate":370,"lightsout:autumn_oak_leaves":36},"minecraft:broken":{"minecraft:shears":1,"minecraft:stone_pickaxe":2,"minecraft:stone_axe":1,"minecraft:iron_pickaxe":1,"lightsout:steel_hammer":1},"minecraft:killed_by":{"lightsout:mothron_horror_night":1,"minecraft:player":2,"lightsout:wraith":1,"lightsout:ghost":1,"minecraft:skeleton":1,"mokey:mokey":2,"cave_dweller:cave_dweller":1},"minecraft:picked_up":{"minecraft:spruce_leaves":67,"minecraft:crafting_table":3,"minecraft:coarse_dirt":2,"minecraft:chicken":1,"minecraft:ladder":3,"regions_unexplored:maple_planks":18,"gravestone:obituary":6,"minecraft:string":2,"minecraft:raw_copper":37,"minecraft:cobbled_deepslate":2253,"lightsout:raw_steel":26,"minecraft:calcite":80,"minecraft:sugar_cane":11,"minecraft:chest":1,"minecraft:egg":1,"minecraft:furnace":2,"minecraft:stick":20,"minecraft:raw_iron":44,"regions_unexplored:silver_birch_leaf_pile":2,"lightsout:steel_hammer":1,"minecraft:torch":39,"sophisticatedbackpacks:backpack":1,"minecraft:diorite":144,"minecraft:redstone":17,"lightsout:apple_candy":1,"lightsout:raw_adamantit":1,"minecraft:stone_sword":1,"regions_unexplored:maple_sapling":4,"minecraft:beetroot_seeds":1,"lightsout:raspberry_candy":3,"minecraft:shears":1,"create:asurine":67,"minecraft:mutton":2,"iammusicplayer:boombox":6,"minecraft:white_wool":2,"minecraft:cobblestone":1498,"minecraft:birch_leaves":53,"minecraft:feather":1,"minecraft:andesite":240,"minecraft:leather":2,"minecraft:tuff":198,"create:raw_zinc":32,"minecraft:oak_log":18,"minecraft:cobblestone_stairs":1,"minecraft:lapis_lazuli":104,"minecraft:dirt":38,"lightsout:rotten_brain":1,"lightsout:ruby_item":2,"minecraft:bone":2,"minecraft:apple":2,"minecraft:bow":1,"lightsout:ectoplasm":2,"minecraft:wheat_seeds":8,"minecraft:raw_gold":1,"minecraft:iron_ingot":15,"minecraft:oak_planks":16,"lightsout:chocolate":1,"minecraft:sweet_berries":72,"minecraft:gravel":26,"minecraft:spruce_sapling":13,"minecraft:spruce_log":76,"minecraft:spider_eye":1,"minecraft:mossy_cobblestone":3,"minecraft:diamond":10,"minecraft:stone_axe":1,"minecraft:granite":1,"regions_unexplored:maple_log":25,"minecraft:bread":51,"minecraft:oak_sapling":2,"minecraft:coal":120,"minecraft:oak_leaves":144,"minecraft:ender_pearl":1},"minecraft:killed":{"lightsout:psychopath":1,"minecraft:spider":3,"lightsout:wraith":2,"lightsout:trumpet_skeleton":1,"lightsout:glow_bug":1,"lightsout:mothron_horror_night":1,"minecraft:sheep":1,"minecraft:zombie":1,"lightsout:mothman":1},"minecraft:dropped":{"minecraft:bread":1,"minecraft:wheat_seeds":1,"minecraft:birch_leaves":53,"minecraft:oak_log":9,"minecraft:feather":1,"minecraft:cobblestone":1081,"minecraft:granite":1,"minecraft:dirt":2,"minecraft:diorite":142,"minecraft:torch":7,"gravestone:obituary":15,"regions_unexplored:maple_log":14,"minecraft:stone_axe":1,"minecraft:cobbled_deepslate":1162,"minecraft:coarse_dirt":2,"minecraft:stone_sword":2,"minecraft:raw_copper":37,"minecraft:tuff":61,"iammusicplayer:boombox":1,"lightsout:steel_hammer":2,"minecraft:andesite":240,"minecraft:oak_leaves":16},"minecraft:custom":{"minecraft:mob_kills":11,"minecraft:interact_with_crafting_table":44,"minecraft:open_barrel":2,"minecraft:leave_game":6,"minecraft:time_since_death":38621,"minecraft:climb_one_cm":47126,"minecraft:sprint_one_cm":418404,"minecraft:walk_one_cm":477078,"minecraft:drop":95,"minecraft:play_time":313787,"minecraft:deaths":9,"minecraft:sneak_time":33382,"minecraft:walk_under_water_one_cm":4367,"minecraft:jump":2926,"minecraft:walk_on_water_one_cm":29326,"minecraft:total_world_time":313787,"minecraft:interact_with_furnace":37,"minecraft:interact_with_loom":1,"minecraft:sleep_in_bed":1,"minecraft:time_since_rest":38663,"minecraft:damage_taken":5397,"minecraft:damage_dealt":4304,"minecraft:swim_one_cm":57355,"minecraft:fly_one_cm":405632,"minecraft:open_chest":52,"minecraft:crouch_one_cm":94882,"minecraft:fall_one_cm":98442},"minecraft:used":{"minecraft:stone_sword":21,"minecraft:ladder":21,"minecraft:chest":2,"minecraft:iron_sword":145,"minecraft:cooked_chicken":1,"minecraft:spruce_leaves":67,"regions_unexplored:maple_planks":25,"minecraft:torch":115,"minecraft:dirt":30,"iammusicplayer:boombox":3,"minecraft:tuff":9,"lightsout:raspberry_candy":3,"lightsout:ruby_sword":47,"minecraft:furnace":4,"minecraft:egg":3,"minecraft:cobbled_deepslate":35,"lightsout:steel_hammer":538,"minecraft:cooked_mutton":2,"minecraft:cobblestone_stairs":1,"minecraft:spruce_door":1,"minecraft:stone_pickaxe":264,"lightsout:chocolate":1,"minecraft:oak_planks":36,"minecraft:wooden_pickaxe":27,"minecraft:oak_leaves":13,"lightsout:apple_candy":1,"minecraft:crafting_table":7,"minecraft:shears":198,"minecraft:spruce_log":74,"minecraft:apple":2,"minecraft:bread":50,"minecraft:iron_pickaxe":400,"minecraft:spruce_sapling":8,"minecraft:stone_axe":231,"minecraft:cobblestone":378,"regions_unexplored:maple_trapdoor":2,"minecraft:bone_meal":6},"minecraft:crafted":{"minecraft:oak_planks":40,"regions_unexplored:maple_planks":44,"minecraft:cooked_chicken":1,"minecraft:furnace":2,"minecraft:bone_meal":6,"minecraft:cooked_mutton":2,"minecraft:iron_boots":1,"minecraft:ladder":18,"minecraft:stone_pickaxe":2,"minecraft:chest":1,"lightsout:steel_hammer":3,"regions_unexplored:maple_trapdoor":2,"lightsout:steel_ingot":27,"minecraft:diamond_axe":1,"minecraft:crafting_table":4,"minecraft:spruce_planks":16,"minecraft:wooden_pickaxe":1,"minecraft:spruce_door":3,"lightsout:ruby_sword":1,"minecraft:bucket":1,"minecraft:stone_axe":2,"minecraft:air":0,"minecraft:iron_chestplate":1,"minecraft:diamond_pickaxe":1,"minecraft:stick":68,"minecraft:iron_ingot":42,"minecraft:iron_pickaxe":2,"minecraft:stone_sword":2,"minecraft:iron_leggings":1,"minecraft:torch":88}},"DataVersion":3120}