{"stats":{"minecraft:used":{"minecraft:stone_sword":21,"minecraft:cobblestone_stairs":1,"minecraft:ladder":12,"minecraft:stone_pickaxe":82,"lightsout:chocolate":1,"minecraft:oak_planks":36,"minecraft:wooden_pickaxe":27,"minecraft:iron_sword":30,"minecraft:oak_leaves":13,"minecraft:spruce_leaves":67,"regions_unexplored:maple_planks":11,"minecraft:torch":7,"minecraft:dirt":30,"lightsout:apple_candy":1,"minecraft:crafting_table":3,"lightsout:raspberry_candy":3,"minecraft:shears":198,"minecraft:spruce_log":43,"minecraft:apple":2,"minecraft:bread":22,"minecraft:stone_axe":157,"minecraft:cobblestone":35,"minecraft:furnace":2,"minecraft:egg":3},"minecraft:crafted":{"minecraft:oak_planks":40,"minecraft:crafting_table":3,"regions_unexplored:maple_planks":32,"minecraft:wooden_pickaxe":1,"minecraft:cooked_chicken":1,"minecraft:furnace":1,"minecraft:stone_axe":2,"minecraft:air":0,"minecraft:ladder":12,"minecraft:stick":28,"minecraft:iron_ingot":1,"minecraft:stone_pickaxe":1,"minecraft:stone_sword":2,"minecraft:torch":20},"minecraft:dropped":{"minecraft:bread":1,"minecraft:stone_axe":1,"minecraft:birch_leaves":53,"minecraft:wheat_seeds":1,"minecraft:oak_log":9,"minecraft:stone_sword":2,"minecraft:feather":1,"minecraft:dirt":1,"gravestone:obituary":8,"regions_unexplored:maple_log":14,"minecraft:oak_leaves":16},"minecraft:mined":{"minecraft:glass_pane":2,"regions_unexplored:maple_planks":9,"regions_unexplored:maple_log":25,"minecraft:torch":1,"gravestone:gravestone":4,"minecraft:grass_block":29,"regions_unexplored:maple_leaves":77,"minecraft:copper_ore":4,"minecraft:tall_grass":3,"minecraft:cobblestone":17,"minecraft:spruce_leaves":108,"minecraft:oak_planks":15,"minecraft:wall_torch":4,"farmersdelight:wild_beetroots":1,"regions_unexplored:stone_bud":1,"minecraft:furnace":1,"minecraft:iron_ore":1,"regions_unexplored:mossy_stone":3,"minecraft:spruce_log":20,"minecraft:birch_leaves":53,"regions_unexplored:orange_maple_leaves":1,"regions_unexplored:silver_birch_leaves":14,"minecraft:oak_log":17,"minecraft:grass":13,"minecraft:coal_ore":41,"minecraft:dirt":2,"regions_unexplored:medium_grass":1,"minecraft:stone":38,"minecraft:oak_leaves":172,"lightsout:autumn_oak_leaves":36},"minecraft:picked_up":{"minecraft:spruce_leaves":67,"minecraft:birch_leaves":53,"minecraft:feather":1,"minecraft:chicken":1,"regions_unexplored:maple_planks":9,"minecraft:oak_log":18,"gravestone:obituary":4,"minecraft:cobblestone_stairs":1,"minecraft:dirt":32,"minecraft:raw_copper":13,"minecraft:apple":2,"lightsout:ectoplasm":1,"minecraft:wheat_seeds":3,"minecraft:oak_planks":16,"minecraft:furnace":1,"minecraft:egg":1,"lightsout:chocolate":1,"minecraft:stick":20,"minecraft:raw_iron":1,"regions_unexplored:silver_birch_leaf_pile":2,"minecraft:torch":6,"sophisticatedbackpacks:backpack":1,"minecraft:spruce_sapling":10,"minecraft:spruce_log":43,"lightsout:apple_candy":1,"minecraft:mossy_cobblestone":3,"minecraft:stone_sword":1,"regions_unexplored:maple_sapling":4,"minecraft:stone_axe":1,"minecraft:beetroot_seeds":1,"lightsout:raspberry_candy":3,"minecraft:shears":1,"regions_unexplored:maple_log":25,"minecraft:bread":27,"minecraft:oak_sapling":2,"minecraft:oak_leaves":144,"minecraft:coal":58,"minecraft:white_wool":1,"minecraft:cobblestone":55},"minecraft:broken":{"minecraft:stone_axe":1,"minecraft:shears":1},"minecraft:custom":{"minecraft:interact_with_furnace":5,"minecraft:mob_kills":2,"minecraft:interact_with_crafting_table":12,"minecraft:interact_with_loom":1,"minecraft:leave_game":1,"minecraft:time_since_death":24110,"minecraft:sleep_in_bed":1,"minecraft:climb_one_cm":12270,"minecraft:time_since_rest":24150,"minecraft:sprint_one_cm":149104,"minecraft:damage_taken":2513,"minecraft:walk_one_cm":153847,"minecraft:drop":19,"minecraft:damage_dealt":1491,"minecraft:swim_one_cm":26178,"minecraft:fly_one_cm":197248,"minecraft:open_chest":7,"minecraft:crouch_one_cm":64103,"minecraft:play_time":108081,"minecraft:deaths":4,"minecraft:sneak_time":21790,"minecraft:walk_under_water_one_cm":1054,"minecraft:jump":1420,"minecraft:walk_on_water_one_cm":3392,"minecraft:total_world_time":108081,"minecraft:fall_one_cm":53803},"minecraft:killed_by":{"lightsout:mothron_horror_night":1,"minecraft:player":1,"minecraft:skeleton":1,"lightsout:ghost":1},"minecraft:killed":{"lightsout:psychopath":1,"lightsout:mothron_horror_night":1}},"DataVersion":3120}