{"stats":{"minecraft:broken":{"minecraft:shears":1,"minecraft:stone_pickaxe":2,"minecraft:stone_axe":1,"minecraft:iron_pickaxe":1},"minecraft:mined":{"create:zinc_ore":2,"minecraft:tuff":1,"regions_unexplored:maple_planks":18,"minecraft:deepslate_diamond_ore":1,"regions_unexplored:maple_log":25,"minecraft:ladder":3,"gravestone:gravestone":6,"minecraft:grass_block":31,"regions_unexplored:maple_leaves":77,"minecraft:spruce_leaves":136,"minecraft:large_fern":2,"regions_unexplored:stone_bud":1,"minecraft:furnace":2,"minecraft:iron_ore":16,"regions_unexplored:mossy_stone":3,"minecraft:andesite":57,"regions_unexplored:orange_maple_leaves":1,"regions_unexplored:silver_birch_leaves":14,"minecraft:deepslate_iron_ore":3,"regions_unexplored:medium_grass":5,"minecraft:stone":426,"minecraft:glass_pane":2,"minecraft:crafting_table":3,"minecraft:torch":11,"minecraft:chest":1,"minecraft:tall_grass":4,"minecraft:copper_ore":5,"minecraft:cobblestone":36,"minecraft:lapis_ore":5,"minecraft:sugar_cane":4,"minecraft:oak_planks":15,"minecraft:diorite":10,"minecraft:wall_torch":9,"farmersdelight:wild_beetroots":1,"minecraft:coarse_dirt":1,"minecraft:sweet_berry_bush":32,"minecraft:spruce_log":52,"minecraft:birch_leaves":53,"minecraft:grass":39,"minecraft:coal_ore":86,"minecraft:oak_log":17,"minecraft:gravel":2,"minecraft:dirt":6,"lightsout:steel_ore":23,"minecraft:oak_leaves":172,"minecraft:deepslate":11,"lightsout:autumn_oak_leaves":36},"minecraft:crafted":{"minecraft:oak_planks":40,"regions_unexplored:maple_planks":44,"minecraft:cooked_chicken":1,"minecraft:furnace":2,"minecraft:bone_meal":6,"minecraft:cooked_mutton":2,"minecraft:ladder":18,"minecraft:stone_pickaxe":2,"minecraft:chest":1,"lightsout:steel_hammer":1,"regions_unexplored:maple_trapdoor":2,"lightsout:steel_ingot":9,"minecraft:crafting_table":4,"minecraft:spruce_planks":8,"minecraft:wooden_pickaxe":1,"minecraft:spruce_door":3,"minecraft:bucket":1,"minecraft:stone_axe":2,"minecraft:air":0,"minecraft:stick":52,"minecraft:iron_ingot":11,"minecraft:iron_pickaxe":2,"minecraft:stone_sword":2,"minecraft:torch":52},"minecraft:dropped":{"minecraft:bread":1,"minecraft:wheat_seeds":1,"minecraft:birch_leaves":53,"minecraft:oak_log":9,"minecraft:cobblestone":1081,"minecraft:feather":1,"minecraft:granite":1,"minecraft:dirt":2,"minecraft:diorite":142,"minecraft:torch":1,"gravestone:obituary":11,"regions_unexplored:maple_log":14,"minecraft:stone_axe":1,"minecraft:coarse_dirt":2,"minecraft:stone_sword":2,"minecraft:raw_copper":11,"lightsout:steel_hammer":1,"minecraft:andesite":240,"minecraft:oak_leaves":16},"minecraft:used":{"minecraft:stone_sword":21,"minecraft:ladder":21,"minecraft:chest":1,"minecraft:iron_sword":124,"minecraft:cooked_chicken":1,"minecraft:spruce_leaves":67,"regions_unexplored:maple_planks":25,"minecraft:torch":77,"minecraft:dirt":30,"lightsout:raspberry_candy":3,"minecraft:furnace":4,"minecraft:egg":3,"minecraft:cobbled_deepslate":6,"lightsout:steel_hammer":80,"minecraft:cobblestone_stairs":1,"minecraft:spruce_door":1,"minecraft:stone_pickaxe":264,"lightsout:chocolate":1,"minecraft:oak_planks":36,"minecraft:wooden_pickaxe":27,"minecraft:oak_leaves":13,"lightsout:apple_candy":1,"minecraft:crafting_table":7,"minecraft:shears":198,"minecraft:spruce_log":74,"minecraft:apple":2,"minecraft:bread":33,"minecraft:iron_pickaxe":333,"minecraft:spruce_sapling":8,"minecraft:stone_axe":231,"minecraft:cobblestone":372,"regions_unexplored:maple_trapdoor":2,"minecraft:bone_meal":6},"minecraft:killed_by":{"lightsout:mothron_horror_night":1,"minecraft:player":1,"lightsout:ghost":1,"minecraft:skeleton":1,"mokey:mokey":1,"cave_dweller:cave_dweller":1},"minecraft:picked_up":{"minecraft:spruce_leaves":67,"minecraft:coarse_dirt":2,"minecraft:crafting_table":3,"minecraft:chicken":1,"minecraft:ladder":3,"regions_unexplored:maple_planks":18,"gravestone:obituary":5,"minecraft:string":2,"minecraft:raw_copper":24,"minecraft:cobbled_deepslate":11,"lightsout:raw_steel":26,"minecraft:sugar_cane":11,"minecraft:chest":1,"minecraft:egg":1,"minecraft:furnace":2,"minecraft:stick":20,"minecraft:raw_iron":35,"regions_unexplored:silver_birch_leaf_pile":2,"lightsout:steel_hammer":1,"minecraft:torch":27,"sophisticatedbackpacks:backpack":1,"minecraft:diorite":144,"lightsout:apple_candy":1,"minecraft:stone_sword":1,"regions_unexplored:maple_sapling":4,"minecraft:beetroot_seeds":1,"lightsout:raspberry_candy":3,"minecraft:shears":1,"minecraft:mutton":2,"minecraft:white_wool":2,"minecraft:cobblestone":1491,"minecraft:birch_leaves":53,"minecraft:feather":1,"minecraft:andesite":240,"minecraft:tuff":1,"create:raw_zinc":7,"minecraft:oak_log":18,"minecraft:cobblestone_stairs":1,"minecraft:lapis_lazuli":41,"minecraft:dirt":38,"minecraft:bone":2,"minecraft:apple":2,"lightsout:ectoplasm":2,"minecraft:wheat_seeds":8,"minecraft:oak_planks":16,"lightsout:chocolate":1,"minecraft:sweet_berries":72,"minecraft:gravel":26,"minecraft:spruce_sapling":13,"minecraft:spruce_log":76,"minecraft:spider_eye":1,"minecraft:mossy_cobblestone":3,"minecraft:diamond":1,"minecraft:stone_axe":1,"minecraft:granite":1,"regions_unexplored:maple_log":25,"minecraft:bread":51,"minecraft:oak_sapling":2,"minecraft:coal":120,"minecraft:oak_leaves":144},"minecraft:custom":{"minecraft:mob_kills":10,"minecraft:interact_with_crafting_table":31,"minecraft:open_barrel":1,"minecraft:leave_game":3,"minecraft:time_since_death":70343,"minecraft:climb_one_cm":26870,"minecraft:sprint_one_cm":289843,"minecraft:walk_one_cm":308916,"minecraft:drop":59,"minecraft:play_time":200321,"minecraft:deaths":6,"minecraft:sneak_time":28595,"minecraft:walk_under_water_one_cm":4367,"minecraft:jump":2361,"minecraft:walk_on_water_one_cm":28333,"minecraft:total_world_time":200321,"minecraft:interact_with_furnace":22,"minecraft:interact_with_loom":1,"minecraft:sleep_in_bed":1,"minecraft:time_since_rest":70744,"minecraft:damage_taken":3523,"minecraft:damage_dealt":2907,"minecraft:swim_one_cm":57355,"minecraft:fly_one_cm":311045,"minecraft:open_chest":26,"minecraft:crouch_one_cm":84149,"minecraft:fall_one_cm":77829},"minecraft:killed":{"lightsout:psychopath":1,"minecraft:spider":3,"lightsout:wraith":2,"lightsout:trumpet_skeleton":1,"lightsout:glow_bug":1,"lightsout:mothron_horror_night":1,"minecraft:sheep":1,"lightsout:mothman":1}},"DataVersion":3120}