{"stats":{"minecraft:crafted":{"minecraft:crafting_table":1,"minecraft:spruce_planks":64,"regions_unexplored:maple_planks":312,"minecraft:wooden_pickaxe":1,"minecraft:stone_axe":1,"minecraft:ladder":12,"minecraft:stick":28,"minecraft:stone_pickaxe":1,"minecraft:stone_sword":1,"regions_unexplored:maple_slab":48,"minecraft:dark_oak_planks":4},"minecraft:picked_up":{"minecraft:crafting_table":1,"minecraft:ladder":2,"regions_unexplored:silver_birch_shrub":1,"regions_unexplored:maple_planks":16,"regions_unexplored:red_maple_leaf_pile":3,"minecraft:string":2,"lightsout:rotten_brain":6,"regions_unexplored:orange_maple_sapling":2,"lightsout:ectoplasm":2,"minecraft:wheat_seeds":2,"minecraft:spruce_planks":24,"regions_unexplored:maple_shrub":1,"regions_unexplored:orange_maple_leaf_pile":8,"minecraft:stick":37,"minecraft:porkchop":1,"lightsout:trumpet":1,"minecraft:spruce_log":17,"minecraft:dark_oak_log":1,"regions_unexplored:maple_slab":3,"minecraft:rotten_flesh":1,"regions_unexplored:maple_sapling":2,"minecraft:stone_axe":1,"regions_unexplored:maple_log":84,"minecraft:mutton":1,"minecraft:white_wool":1,"minecraft:cobblestone":13},"minecraft:custom":{"minecraft:mob_kills":6,"minecraft:interact_with_crafting_table":7,"minecraft:leave_game":1,"minecraft:time_since_death":65,"minecraft:climb_one_cm":2451,"minecraft:time_since_rest":241,"minecraft:sprint_one_cm":30074,"minecraft:damage_taken":1910,"minecraft:walk_one_cm":78024,"minecraft:drop":2,"minecraft:damage_dealt":1126,"minecraft:fly_one_cm":34615,"minecraft:crouch_one_cm":7845,"minecraft:play_time":28788,"minecraft:deaths":4,"minecraft:sneak_time":4581,"minecraft:walk_under_water_one_cm":2921,"minecraft:jump":412,"minecraft:walk_on_water_one_cm":3980,"minecraft:total_world_time":28788,"minecraft:fall_one_cm":9557},"minecraft:dropped":{"minecraft:spruce_planks":24,"minecraft:spruce_log":1},"minecraft:killed_by":{"minecraft:player":1,"lightsout:clown":1,"mokey:mokey":1,"lightsout:tripod":1},"minecraft:killed":{"minecraft:pig":1,"minecraft:spider":1,"lightsout:wraith":1,"minecraft:sheep":1,"minecraft:zombie":2},"minecraft:mined":{"regions_unexplored:maple_planks":17,"regions_unexplored:maple_log":89,"regions_unexplored:maple_branch":1,"minecraft:crafting_table":1,"gravestone:gravestone":2,"minecraft:ladder":3,"regions_unexplored:silver_birch_shrub":1,"regions_unexplored:maple_leaves":6,"regions_unexplored:stone_bud":3,"minecraft:spruce_log":17,"regions_unexplored:orange_maple_leaves":25,"regions_unexplored:red_maple_leaf_pile":1,"minecraft:grass":3,"regions_unexplored:red_maple_leaves":3,"regions_unexplored:maple_slab":3,"regions_unexplored:medium_grass":5,"regions_unexplored:orange_maple_leaf_pile":3,"minecraft:stone":14,"regions_unexplored:maple_shrub":1},"minecraft:used":{"minecraft:stone_sword":27,"regions_unexplored:maple_slab":50,"minecraft:ladder":9,"minecraft:spruce_planks":2,"minecraft:wooden_pickaxe":24,"regions_unexplored:maple_planks":17,"minecraft:crafting_table":2,"minecraft:stone_axe":164,"regions_unexplored:maple_log":2}},"DataVersion":3120}