{"stats":{"minecraft:mined":{"minecraft:grass":21,"minecraft:dirt":1},"minecraft:used":{"cgm:heavy_rifle":6,"minecraft:grass_block":1},"minecraft:picked_up":{"minecraft:wheat_seeds":3,"minecraft:dirt":1},"minecraft:dropped":{"minecraft:wheat_seeds":3},"minecraft:custom":{"minecraft:jump":115,"minecraft:time_since_rest":1127,"minecraft:leave_game":1,"minecraft:deaths":1,"minecraft:crouch_one_cm":175,"minecraft:walk_on_water_one_cm":54,"minecraft:sprint_one_cm":6634,"minecraft:play_time":4573,"minecraft:damage_taken":90,"minecraft:time_since_death":1102,"minecraft:walk_one_cm":3379,"minecraft:sneak_time":122,"minecraft:total_world_time":4573,"minecraft:walk_under_water_one_cm":2971,"minecraft:drop":3,"minecraft:fall_one_cm":6479,"minecraft:fly_one_cm":36874}},"DataVersion":3120}