{"stats":{"minecraft:used":{"lightsout:watcher_spawn_egg":1,"minecraft:jack_o_lantern":1,"minecraft:stone_sword":159,"minecraft:flint_and_steel":1,"minecraft:spruce_slab":25,"minecraft:ladder":10,"lightsout:music_disc_slender":5,"minecraft:chest":4,"lightsout:cannibal_axe":46,"minecraft:spruce_leaves":14,"minecraft:torch":11,"minecraft:dirt":4,"lightsout:witchs_cauldron":1,"minecraft:golden_shovel":2,"lightsout:raspberry_candy":4,"minecraft:obsidian":18,"minecraft:wooden_axe":41,"lightsout:music_disc_halloween":1,"minecraft:grass_block":4,"lightsout:hanging_flags":2,"minecraft:furnace":1,"cgm:heavy_rifle":6,"minecraft:golden_axe":29,"minecraft:cobblestone_stairs":2,"cgm:pistol":47,"lightsout:wisp_bottle":3,"minecraft:stone_pickaxe":8,"lightsout:chocolate":7,"minecraft:oak_planks":43,"farmersdelight:golden_knife":38,"mutantmonsters:endersoul_hand":15,"minecraft:white_wool":5,"minecraft:golden_apple":1,"lightsout:apple_candy":4,"minecraft:crafting_table":6,"lightsout:music_disc_lights_out":2,"minecraft:white_bed":5,"minecraft:shears":40,"minecraft:spruce_log":229,"minecraft:oak_log":2,"minecraft:wooden_hoe":24,"minecraft:apple":1,"minecraft:bread":39,"minecraft:iron_pickaxe":75,"lightsout:lemon_candy":2,"lightsout:music_disc_horror_night":1,"minecraft:spruce_sapling":1,"farmersdelight:ham":1,"minecraft:cobblestone":28,"lightsout:watermelon_candy":3,"lightsout:zombie_hands":1,"minecraft:jukebox":4},"minecraft:crafted":{"minecraft:oak_planks":72,"minecraft:furnace":1,"minecraft:ladder":9,"minecraft:spruce_slab":24,"minecraft:stone_pickaxe":1,"minecraft:chest":2,"minecraft:wheat":216,"sophisticatedbackpacks:backpack":1,"minecraft:crafting_table":4,"minecraft:spruce_planks":68,"minecraft:iron_sword":1,"minecraft:birch_planks":4,"minecraft:bread":72,"minecraft:air":0,"minecraft:wooden_hoe":1,"minecraft:stick":24,"minecraft:iron_ingot":3,"minecraft:iron_pickaxe":1,"minecraft:wooden_axe":1,"minecraft:torch":4,"minecraft:shears":1},"minecraft:dropped":{"minecraft:bread":27,"minecraft:wheat_seeds":3,"lightsout:watermelon_candy":1,"lightsout:apple_candy":1,"minecraft:spruce_leaves":67,"minecraft:dirt":1,"minecraft:torch":1,"gravestone:obituary":4,"minecraft:white_wool":1,"lightsout:raspberry_candy":2,"lightsout:chocolate":1,"sophisticatedbackpacks:backpack":1,"minecraft:shears":1,"minecraft:ladder":1,"minecraft:spruce_log":23},"minecraft:mined":{"minecraft:white_bed":6,"minecraft:cobblestone_stairs":3,"lightsout:scarecrow":1,"gravestone:gravestone":2,"minecraft:ladder":2,"minecraft:grass_block":4,"lightsout:amber_ore":1,"lightsout:ancient_note_cryoma":1,"minecraft:spruce_leaves":87,"minecraft:spawner":3,"minecraft:hay_block":24,"minecraft:iron_ore":15,"regions_unexplored:mossy_stone":1,"regions_unexplored:silver_birch_leaves":10,"lightsout:witchs_cauldron":1,"minecraft:oak_stairs":2,"regions_unexplored:medium_grass":3,"minecraft:stone":16,"minecraft:white_wool":4,"minecraft:spruce_slab":1,"lightsout:autumn_birch_leaves":2,"regions_unexplored:orange_coneflower":1,"lightsout:zombie_hands":1,"minecraft:glass_pane":1,"regions_unexplored:silver_birch_leaf_pile":6,"minecraft:oak_fence":1,"minecraft:crafting_table":2,"minecraft:chest":1,"minecraft:tall_grass":7,"minecraft:copper_ore":1,"minecraft:cobblestone":15,"lightsout:wisp_bottle":2,"minecraft:sugar_cane":1,"minecraft:oak_planks":15,"minecraft:wall_torch":1,"lightsout:hanging_flags":2,"farmersdelight:wild_beetroots":2,"minecraft:jukebox":3,"lightsout:jade_ore":1,"minecraft:spruce_log":32,"minecraft:grass":64,"minecraft:oak_log":22,"minecraft:coal_ore":21,"minecraft:dirt":4,"lightsout:steel_ore":1,"minecraft:stonecutter":1,"minecraft:oak_leaves":25},"minecraft:picked_up":{"lightsout:music_disc_slender":5,"minecraft:spruce_leaves":36,"minecraft:crafting_table":2,"minecraft:ladder":4,"lightsout:witchs_cauldron":2,"minecraft:oak_stairs":2,"lightsout:ghost_cookie":11,"gravestone:obituary":2,"minecraft:string":5,"minecraft:raw_copper":5,"lightsout:cannibal_axe":1,"lightsout:hanging_bats":2,"lightsout:zombie_hands":2,"lightsout:raw_steel":1,"minecraft:beef":9,"minecraft:poppy":1,"minecraft:spruce_slab":1,"minecraft:sugar_cane":3,"minecraft:chest":1,"farmersdelight:cabbage_seeds":4,"lightsout:lemon_candy":2,"minecraft:egg":2,"lightsout:music_disc_horror_night":2,"minecraft:raw_iron":15,"minecraft:stick":8,"regions_unexplored:silver_birch_leaf_pile":35,"minecraft:jukebox":3,"minecraft:oak_fence":1,"minecraft:torch":2,"lightsout:raw_jade":1,"minecraft:porkchop":8,"lightsout:apple_candy":9,"lightsout:hanging_ghost":1,"minecraft:stone_sword":1,"minecraft:rotten_flesh":4,"regions_unexplored:maple_sapling":1,"lightsout:hanging_pumpkins":4,"minecraft:beetroot_seeds":2,"lightsout:wisp_bottle":2,"lightsout:raspberry_candy":6,"minecraft:hay_block":24,"farmersdelight:rope":9,"minecraft:mutton":10,"minecraft:white_wool":10,"minecraft:cobblestone":45,"lightsout:music_disc_halloween":1,"minecraft:birch_leaves":53,"minecraft:leather":8,"paraglider:spirit_orb":6,"minecraft:oak_log":30,"minecraft:gunpowder":7,"minecraft:cobblestone_stairs":2,"minecraft:dirt":7,"minecraft:name_tag":1,"minecraft:apple":1,"lightsout:ectoplasm":2,"minecraft:stonecutter":1,"minecraft:wheat_seeds":7,"minecraft:iron_ingot":5,"minecraft:oak_planks":12,"lightsout:hanging_flags":4,"regions_unexplored:orange_coneflower":14,"lightsout:chocolate":8,"lightsout:watermelon_candy":4,"lightsout:scarecrow":1,"lightsout:ancient_note_cryoma":1,"lightsout:wind_essence":1,"minecraft:spruce_sapling":7,"minecraft:mossy_cobblestone":1,"minecraft:white_bed":5,"minecraft:spruce_log":32,"lightsout:amber_item":1,"farmersdelight:ham":1,"minecraft:spider_eye":2,"minecraft:leather_helmet":1,"minecraft:pumpkin_seeds":2,"lightsout:music_disc_lights_out":2,"regions_unexplored:silver_birch_log":1,"regions_unexplored:maple_log":14,"minecraft:bread":4,"minecraft:jack_o_lantern":1,"minecraft:oak_sapling":2,"minecraft:melon_seeds":3,"minecraft:coal":23,"minecraft:oak_leaves":16},"minecraft:broken":{"minecraft:golden_axe":1,"farmersdelight:golden_knife":1},"minecraft:custom":{"minecraft:mob_kills":43,"minecraft:interact_with_crafting_table":22,"minecraft:damage_dealt_resisted":606,"minecraft:leave_game":3,"minecraft:time_since_death":52019,"minecraft:climb_one_cm":12816,"minecraft:sprint_one_cm":212025,"minecraft:walk_one_cm":144486,"minecraft:drop":50,"minecraft:play_time":140499,"minecraft:deaths":4,"minecraft:sneak_time":18092,"minecraft:walk_under_water_one_cm":6736,"minecraft:jump":3332,"minecraft:walk_on_water_one_cm":7290,"minecraft:total_world_time":140499,"minecraft:interact_with_furnace":2,"minecraft:play_record":9,"minecraft:sleep_in_bed":2,"minecraft:time_since_rest":52047,"minecraft:damage_taken":3252,"minecraft:damage_absorbed":40,"minecraft:damage_dealt":10132,"minecraft:player_kills":1,"minecraft:fly_one_cm":785461,"minecraft:swim_one_cm":25853,"minecraft:open_chest":20,"minecraft:crouch_one_cm":43026,"minecraft:fall_one_cm":116338},"minecraft:killed_by":{"minecraft:creeper":1,"minecraft:iron_golem":1,"lightsout:poltergeist_horror_night":1},"minecraft:killed":{"lightsout:ghost":1,"lightsout:splitling_horror_night":1,"lightsout:stoneling":3,"minecraft:spider":3,"lightsout:headless_horseman_horror_night":1,"lightsout:wraith":2,"lightsout:punchkin_horror_night":2,"minecraft:skeleton":1,"lightsout:severed_head":1,"lightsout:psychopath_horror_night":1,"minecraft:chicken":2,"lightsout:fritz_horror_night":1,"lightsout:nimbus_normal":1,"mokey:mokey":1,"minecraft:pig":4,"lightsout:swamp_thing_horror_night":1,"minecraft:iron_golem":1,"lightsout:punchkin":1,"minecraft:sheep":6,"minecraft:zombie":1,"minecraft:donkey":1,"lightsout:statue":1,"lightsout:cannibal_horror_night":2,"minecraft:cow":4}},"DataVersion":3120}