{"stats":{"minecraft:mined":{"create:deepslate_zinc_ore":20,"minecraft:spruce_planks":1,"minecraft:white_bed":6,"regions_unexplored:maple_planks":1,"regions_unexplored:maple_log":2,"minecraft:cobblestone_stairs":3,"minecraft:grass_block":4,"lightsout:ancient_note_cryoma":1,"iammusicplayer:boombox":1,"minecraft:spawner":5,"minecraft:cobbled_deepslate":3,"minecraft:iron_ore":19,"regions_unexplored:mossy_stone":1,"minecraft:deepslate_lapis_ore":1,"regions_unexplored:silver_birch_leaves":10,"lightsout:witchs_cauldron":1,"minecraft:oak_stairs":2,"minecraft:light_gray_concrete":3,"lightsout:autumn_birch_leaves":2,"minecraft:spruce_slab":1,"minecraft:deepslate_redstone_ore":26,"minecraft:torch":2,"minecraft:chest":3,"minecraft:cobblestone":24,"minecraft:sugar_cane":1,"lightsout:wisp_bottle":2,"minecraft:oak_planks":15,"minecraft:wall_torch":3,"lightsout:jade_ore":1,"minecraft:jukebox":3,"minecraft:grass":75,"minecraft:oak_log":22,"minecraft:sand":14,"minecraft:dirt":4,"minecraft:stonecutter":2,"minecraft:oak_leaves":25,"minecraft:deepslate":16,"minecraft:tuff":22,"minecraft:deepslate_diamond_ore":1,"lightsout:scarecrow":1,"gravestone:gravestone":6,"minecraft:ladder":2,"lightsout:double_jack_o_lantern":2,"lightsout:amber_ore":1,"regions_unexplored:maple_leaves":30,"minecraft:spruce_leaves":90,"lightsout:lamp":1,"minecraft:hay_block":24,"minecraft:redstone_ore":5,"minecraft:deepslate_iron_ore":11,"regions_unexplored:medium_grass":10,"minecraft:stone":35,"minecraft:white_wool":4,"regions_unexplored:orange_coneflower":1,"lightsout:zombie_hands":1,"minecraft:glass_pane":1,"regions_unexplored:silver_birch_leaf_pile":6,"minecraft:oak_fence":1,"minecraft:crafting_table":2,"minecraft:rose_bush":1,"minecraft:tall_grass":7,"minecraft:copper_ore":7,"minecraft:deepslate_gold_ore":1,"minecraft:diorite":7,"lightsout:hanging_flags":2,"farmersdelight:wild_beetroots":2,"minecraft:spruce_log":32,"regions_unexplored:red_maple_leaf_pile":1,"minecraft:coal_ore":26,"minecraft:gravel":21,"lightsout:steel_ore":1},"minecraft:broken":{"minecraft:golden_leggings":1,"lightsout:cannibal_axe":1,"minecraft:leather_helmet":1,"minecraft:stone_sword":1,"minecraft:golden_axe":1,"farmersdelight:golden_knife":1},"minecraft:killed_by":{"minecraft:creeper":1,"mutantmonsters:mutant_creeper":1,"lightsout:tumor_brute":1,"lightsout:electro_slime":1,"lightsout:poltergeist_horror_night":1,"lightsout:clown_horror_night":1,"minecraft:iron_golem":1,"lightsout:cannibal_horror_night":1},"minecraft:picked_up":{"lightsout:music_disc_slender":5,"cgm:basic_bullet":128,"regions_unexplored:silt_dirt":4,"minecraft:oak_stairs":2,"lightsout:raw_eyeball":2,"regions_unexplored:maple_planks":1,"minecraft:string":13,"minecraft:raw_copper":118,"minecraft:cobbled_deepslate":1646,"minecraft:spruce_planks":1,"regions_unexplored:maple_shrub":1,"minecraft:rose_bush":1,"minecraft:calcite":3,"minecraft:iron_pickaxe":1,"cgm:advanced_bullet":290,"farmersdelight:cabbage_seeds":4,"minecraft:stick":22,"lightsout:cable_broken":1,"minecraft:jukebox":3,"minecraft:oak_fence":4,"minecraft:torch":12,"lightsout:raw_jade":1,"minecraft:porkchop":13,"minecraft:diorite":138,"minecraft:stone_sword":1,"minecraft:rotten_flesh":34,"lightsout:hanging_pumpkins":4,"create:scoria":124,"lightsout:raspberry_candy":13,"lightsout:death_sickle":1,"create:asurine":12,"farmersdelight:rope":9,"iammusicplayer:boombox":7,"minecraft:cobblestone":623,"lightsout:music_disc_halloween":1,"paraglider:paraglider":1,"minecraft:andesite":120,"paraglider:spirit_orb":10,"minecraft:flint":3,"minecraft:tuff":182,"create:raw_zinc":26,"iammusicplayer:cassette_tape_glass":1,"minecraft:lapis_lazuli":7,"minecraft:dirt":44,"minecraft:name_tag":1,"lightsout:rotten_brain":20,"minecraft:bone":8,"iammusicplayer:radio_antenna":1,"minecraft:stonecutter":2,"minecraft:bow":1,"minecraft:wheat_seeds":13,"minecraft:raw_gold":35,"minecraft:glowstone_dust":3,"lightsout:hanging_flags":6,"minecraft:oak_planks":12,"regions_unexplored:orange_coneflower":14,"lightsout:chocolate":13,"lightsout:watermelon_candy":8,"cgm:rifle":2,"lightsout:ancient_note_cryoma":1,"minecraft:sand":12,"farmersdelight:ham":1,"minecraft:mossy_cobblestone":1,"cgm:pistol":1,"minecraft:light_gray_concrete":3,"minecraft:diamond":26,"lightsout:music_disc_lights_out":2,"minecraft:granite":2,"minecraft:bread":27,"minecraft:jack_o_lantern":1,"minecraft:oak_sapling":2,"minecraft:oak_leaves":16,"minecraft:spruce_leaves":36,"minecraft:crafting_table":2,"minecraft:coarse_dirt":3,"lightsout:double_jack_o_lantern":3,"minecraft:ladder":5,"lightsout:witchs_cauldron":2,"gravestone:obituary":6,"lightsout:ghost_cookie":23,"lightsout:cannibal_axe":2,"lightsout:hanging_bats":2,"lightsout:zombie_hands":2,"lightsout:raw_steel":2,"regions_unexplored:maple_leaf_pile":6,"minecraft:beef":12,"lightsout:ruby_sword":1,"minecraft:poppy":1,"minecraft:spruce_slab":1,"minecraft:sugar_cane":6,"minecraft:chest":3,"lightsout:lemon_candy":7,"minecraft:egg":2,"lightsout:music_disc_horror_night":2,"minecraft:raw_iron":39,"regions_unexplored:silver_birch_leaf_pile":35,"lightsout:steel_hammer":2,"lightsout:wall_spider":2,"minecraft:carrot":2,"minecraft:redstone":159,"lightsout:apple_candy":14,"lightsout:hanging_ghost":1,"lightsout:fleshstone":3,"minecraft:arrow":13,"regions_unexplored:maple_sapling":4,"minecraft:beetroot_seeds":2,"lightsout:wisp_bottle":2,"minecraft:diamond_boots":1,"minecraft:hay_block":24,"mutantmonsters:mutant_skeleton_rib":1,"minecraft:mutton":12,"minecraft:white_wool":10,"minecraft:birch_leaves":53,"lightsout:hanging_skeleton":1,"minecraft:leather":8,"minecraft:oak_log":30,"minecraft:gunpowder":10,"minecraft:cobblestone_stairs":2,"lightsout:iron_hammer":1,"minecraft:apple":1,"minecraft:kelp":7,"lightsout:ectoplasm":12,"minecraft:iron_ingot":5,"lightsout:scarecrow":1,"minecraft:gravel":55,"lightsout:wind_essence":1,"minecraft:spruce_sapling":13,"minecraft:white_bed":5,"minecraft:spruce_log":34,"lightsout:amber_item":1,"minecraft:spider_eye":5,"minecraft:leather_helmet":1,"lightsout:electro_slime_ball":1,"minecraft:pumpkin_seeds":2,"minecraft:stone_axe":1,"minecraft:polished_diorite":1,"regions_unexplored:silver_birch_log":1,"minecraft:gray_wool":1,"lightsout:tumor":1,"regions_unexplored:maple_log":16,"minecraft:melon_seeds":3,"minecraft:coal":36,"minecraft:wooden_axe":1},"minecraft:dropped":{"minecraft:diamond":18,"iammusicplayer:cassette_tape_glass":2,"minecraft:leather":2,"lightsout:apple_candy":1,"minecraft:spruce_leaves":67,"regions_unexplored:red_maple_leaf_pile":1,"lightsout:tumor":1,"minecraft:dirt":10,"gravestone:obituary":9,"minecraft:sand":1,"minecraft:iron_pickaxe":3,"paraglider:paraglider":2,"minecraft:white_wool":1,"minecraft:gravel":43,"lightsout:raspberry_candy":2,"minecraft:cobbled_deepslate":449,"lightsout:chocolate":1,"minecraft:rotten_flesh":4,"regions_unexplored:maple_sapling":1,"iammusicplayer:boombox":3,"lightsout:steel_hammer":2,"minecraft:ladder":3,"minecraft:arrow":11,"minecraft:bread":93,"minecraft:iron_ingot":50,"lightsout:amber_item":16,"minecraft:wheat_seeds":3,"lightsout:watermelon_candy":1,"lightsout:iron_hammer":1,"minecraft:copper_ingot":22,"lightsout:ruby_item":1,"minecraft:stick":1,"lightsout:wall_spider":1,"minecraft:torch":1,"minecraft:wooden_axe":1,"lightsout:rotten_brain":5,"minecraft:iron_shovel":1,"minecraft:spruce_sapling":4,"minecraft:redstone":19,"cgm:rifle":1,"cgm:advanced_bullet":64,"minecraft:cobblestone_wall":1,"minecraft:tuff":82,"minecraft:raw_iron":10,"iammusicplayer:radio_antenna":3,"sophisticatedbackpacks:backpack":1,"minecraft:shears":1,"lightsout:ruby_sword":1,"regions_unexplored:maple_leaf_pile":1,"minecraft:spruce_log":24,"lightsout:cannibal_axe":2,"minecraft:bow":1,"minecraft:stone_pickaxe":1,"minecraft:wooden_pickaxe":1,"minecraft:raw_gold":27,"regions_unexplored:silt_dirt":4},"minecraft:killed":{"lightsout:ghost":1,"lightsout:the_host":1,"lightsout:tumor_brute":2,"lightsout:splitling_horror_night":1,"minecraft:spider":12,"lightsout:headless_horseman_horror_night":1,"lightsout:wraith":10,"minecraft:skeleton":11,"lightsout:severed_head":1,"lightsout:glow_bug":2,"lightsout:psychopath_horror_night":1,"minecraft:bee":1,"minecraft:chicken":2,"lightsout:blue_jellyfish":1,"lightsout:candy_creeper_halloween":3,"lightsout:fleshling":1,"mokey:mokey":7,"minecraft:pig":6,"lightsout:swamp_thing_horror_night":1,"minecraft:zombie_villager":2,"minecraft:iron_golem":1,"lightsout:punchkin":1,"mutantmonsters:mutant_skeleton":1,"minecraft:creeper":10,"minecraft:sheep":8,"lightsout:deepling":1,"minecraft:donkey":1,"minecraft:zombie":32,"lightsout:reaper":1,"lightsout:pumpkin_mimic_horror_night":1,"cave_dweller:cave_dweller":1,"lightsout:cannibal_horror_night":3,"minecraft:cow":5,"lightsout:mothron":1,"lightsout:the_possesed":1,"lightsout:stoneling":3,"lightsout:punchkin_horror_night":2,"lightsout:gobbler":1,"lightsout:cave_sea_worm":1,"lightsout:reaper_horror_night":1,"lightsout:rockling":1,"lightsout:fritz_horror_night":1,"lightsout:undead_miner":1,"lightsout:nimbus_normal":1,"lightsout:crazy_professor":1,"lightsout:statue":1,"minecraft:enderman":2},"minecraft:custom":{"minecraft:interact_with_crafting_table":46,"minecraft:open_barrel":44,"minecraft:leave_game":6,"minecraft:time_since_death":50474,"minecraft:sprint_one_cm":582044,"minecraft:drop":193,"minecraft:play_time":503278,"minecraft:deaths":10,"minecraft:jump":7561,"minecraft:walk_on_water_one_cm":25055,"minecraft:interact_with_furnace":37,"minecraft:play_record":9,"minecraft:sleep_in_bed":3,"minecraft:damage_dealt":27851,"minecraft:player_kills":16,"minecraft:crouch_one_cm":113486,"minecraft:mob_kills":155,"minecraft:damage_dealt_resisted":2392,"minecraft:climb_one_cm":52449,"minecraft:walk_one_cm":565533,"minecraft:sneak_time":42160,"minecraft:walk_under_water_one_cm":40042,"minecraft:total_world_time":503278,"minecraft:time_since_rest":50497,"minecraft:damage_taken":9348,"minecraft:damage_absorbed":40,"minecraft:swim_one_cm":53003,"minecraft:fly_one_cm":2436445,"minecraft:open_chest":151,"minecraft:fall_one_cm":226079},"minecraft:used":{"regions_unexplored:silt_dirt":1,"minecraft:jack_o_lantern":1,"cgm:machine_pistol":103,"minecraft:iron_shovel":35,"minecraft:spruce_slab":27,"lightsout:double_jack_o_lantern":2,"minecraft:ladder":15,"lightsout:music_disc_slender":5,"minecraft:chest":10,"minecraft:stone":39,"minecraft:iron_sword":85,"minecraft:spruce_leaves":149,"iammusicplayer:boombox":9,"minecraft:tuff":4,"lightsout:raspberry_candy":4,"minecraft:obsidian":18,"create:train_trapdoor":2,"lightsout:music_disc_halloween":1,"cgm:shotgun":1,"minecraft:lantern":18,"minecraft:grass_block":197,"lightsout:hanging_flags":2,"minecraft:stone_bricks":12,"minecraft:bow":57,"minecraft:furnace":2,"regions_unexplored:maple_leaves":1,"cgm:heavy_rifle":7,"minecraft:diorite":7,"iammusicplayer:cassette_deck":1,"minecraft:stone_pickaxe":9,"lightsout:chocolate":7,"minecraft:oak_planks":43,"iammusicplayer:music_manager":3,"minecraft:white_wool":5,"minecraft:golden_apple":1,"lightsout:music_disc_lights_out":2,"cgm:bazooka":7,"minecraft:stone_brick_wall":67,"minecraft:shears":40,"minecraft:bread":123,"cgm:assault_rifle":37,"farmersdelight:ham":1,"lightsout:watermelon_candy":3,"create:framed_glass_door":1,"cgm:mini_gun":993,"minecraft:coarse_dirt":1,"minecraft:bone_meal":29,"lightsout:sitting_skeleton":3,"lightsout:ghost_cookie":1,"lightsout:watcher_spawn_egg":1,"minecraft:netherite_sword":14,"minecraft:stone_sword":237,"minecraft:flint_and_steel":9,"regions_unexplored:silt_grass_block":12,"minecraft:spruce_planks":1,"lightsout:cannibal_axe":166,"regions_unexplored:maple_planks":1,"minecraft:torch":69,"minecraft:dirt":4,"create:andesite_door":4,"cgm:workbench":1,"lightsout:witchs_cauldron":1,"minecraft:spruce_stairs":3,"minecraft:cobblestone_wall":8,"minecraft:golden_shovel":2,"cgm:rifle":209,"minecraft:granite":1,"minecraft:wooden_axe":41,"minecraft:oak_stairs":58,"minecraft:barrel":4,"cgm:grenade_launcher":1,"lightsout:fleshling_spawn_egg":1,"minecraft:cobbled_deepslate":46,"lightsout:steel_hammer":7,"minecraft:golden_axe":29,"minecraft:iron_leggings":1,"minecraft:cooked_mutton":3,"minecraft:water_bucket":16,"minecraft:cobblestone_stairs":2,"cgm:pistol":313,"lightsout:wisp_bottle":5,"farmersdelight:golden_knife":38,"mutantmonsters:endersoul_hand":15,"minecraft:stonecutter":1,"lightsout:apple_candy":5,"minecraft:crafting_table":9,"minecraft:white_bed":6,"minecraft:light_gray_concrete_powder":3,"lightsout:iron_hammer":32,"minecraft:spruce_log":336,"minecraft:oak_log":2,"minecraft:wooden_hoe":24,"minecraft:apple":1,"minecraft:iron_pickaxe":202,"lightsout:lemon_candy":3,"lightsout:music_disc_horror_night":1,"minecraft:spruce_sapling":13,"minecraft:chiseled_stone_bricks":9,"minecraft:cobblestone":541,"minecraft:cooked_porkchop":1,"minecraft:bucket":16,"minecraft:glass_pane":12,"lightsout:tumor_brute_spawn_egg":2,"regions_unexplored:maple_log":4,"lightsout:zombie_hands":1,"minecraft:jukebox":4},"minecraft:crafted":{"minecraft:light_gray_concrete_powder":8,"minecraft:oak_planks":72,"iammusicplayer:music_manager":1,"regions_unexplored:maple_planks":12,"minecraft:cooked_mutton":10,"sophisticatedbackpacks:copper_backpack":1,"minecraft:iron_boots":1,"minecraft:chest":3,"iammusicplayer:cassette_tape_glass":1,"minecraft:cooked_porkchop":8,"sophisticatedbackpacks:backpack":1,"minecraft:crafting_table":5,"minecraft:spruce_planks":68,"iammusicplayer:cassette_tape":1,"minecraft:iron_helmet":1,"minecraft:copper_ingot":64,"minecraft:birch_planks":4,"minecraft:iron_chestplate":1,"minecraft:wooden_hoe":1,"minecraft:stick":32,"minecraft:iron_ingot":16,"minecraft:iron_pickaxe":1,"minecraft:iron_block":1,"minecraft:light_gray_dye":3,"minecraft:shears":1,"iammusicplayer:cassette_deck":2,"minecraft:iron_nugget":9,"minecraft:furnace":1,"minecraft:ladder":9,"minecraft:spruce_slab":24,"minecraft:stone_pickaxe":1,"minecraft:redstone_block":1,"cgm:workbench":1,"iammusicplayer:parabolic_antenna":1,"sophisticatedbackpacks:iron_backpack":1,"minecraft:wheat":216,"paraglider:paraglider":1,"minecraft:red_dye":2,"minecraft:dried_kelp":7,"minecraft:iron_sword":1,"minecraft:bread":72,"minecraft:air":0,"minecraft:wooden_axe":1,"minecraft:iron_shovel":1,"minecraft:iron_leggings":1,"minecraft:torch":4}},"DataVersion":3120}