{"stats":{"minecraft:crafted":{"minecraft:light_gray_concrete_powder":8,"minecraft:oak_planks":72,"iammusicplayer:music_manager":1,"regions_unexplored:maple_planks":12,"minecraft:cooked_mutton":10,"minecraft:iron_boots":1,"sophisticatedbackpacks:copper_backpack":1,"minecraft:chest":3,"iammusicplayer:cassette_tape_glass":1,"sophisticatedbackpacks:backpack":1,"minecraft:cooked_porkchop":8,"minecraft:crafting_table":5,"minecraft:spruce_planks":68,"iammusicplayer:cassette_tape":1,"minecraft:iron_helmet":1,"minecraft:copper_ingot":64,"minecraft:birch_planks":4,"minecraft:iron_chestplate":1,"minecraft:wooden_hoe":1,"minecraft:stick":32,"minecraft:iron_ingot":16,"minecraft:iron_pickaxe":1,"minecraft:iron_block":1,"minecraft:light_gray_dye":3,"minecraft:shears":1,"iammusicplayer:cassette_deck":2,"minecraft:iron_nugget":9,"minecraft:furnace":1,"minecraft:ladder":9,"minecraft:spruce_slab":24,"minecraft:stone_pickaxe":1,"minecraft:redstone_block":1,"cgm:workbench":1,"iammusicplayer:parabolic_antenna":1,"minecraft:wheat":216,"sophisticatedbackpacks:iron_backpack":1,"minecraft:red_dye":2,"paraglider:paraglider":1,"minecraft:dried_kelp":7,"minecraft:iron_sword":1,"minecraft:bread":72,"minecraft:air":0,"minecraft:wooden_axe":1,"minecraft:iron_shovel":1,"minecraft:iron_leggings":1,"minecraft:torch":4},"minecraft:picked_up":{"minecraft:wooden_axe":1,"lightsout:music_disc_slender":5,"cgm:basic_bullet":128,"regions_unexplored:silt_dirt":9,"minecraft:oak_stairs":2,"lightsout:raw_eyeball":2,"regions_unexplored:maple_planks":1,"minecraft:string":13,"minecraft:raw_copper":118,"minecraft:cobbled_deepslate":1646,"minecraft:spruce_planks":1,"regions_unexplored:maple_shrub":1,"minecraft:rose_bush":1,"minecraft:calcite":3,"minecraft:iron_pickaxe":1,"cgm:advanced_bullet":290,"farmersdelight:cabbage_seeds":4,"lightsout:music_disc_blood_horde":1,"minecraft:stick":24,"lightsout:cable_broken":1,"minecraft:jukebox":3,"minecraft:oak_fence":4,"minecraft:torch":12,"lightsout:raw_jade":1,"minecraft:porkchop":13,"minecraft:diorite":138,"minecraft:stone_sword":1,"minecraft:rotten_flesh":43,"lightsout:hanging_pumpkins":4,"create:scoria":124,"lightsout:raspberry_candy":13,"lightsout:death_sickle":2,"create:asurine":12,"farmersdelight:rope":9,"iammusicplayer:boombox":8,"minecraft:cobblestone":639,"lightsout:music_disc_halloween":2,"paraglider:paraglider":1,"minecraft:andesite":120,"paraglider:spirit_orb":10,"minecraft:flint":3,"minecraft:tuff":182,"create:raw_zinc":26,"iammusicplayer:cassette_tape_glass":1,"minecraft:lapis_lazuli":7,"minecraft:dirt":44,"minecraft:lantern":1,"minecraft:name_tag":1,"lightsout:rotten_brain":28,"minecraft:bone":12,"iammusicplayer:radio_antenna":1,"minecraft:bow":1,"minecraft:stonecutter":2,"minecraft:wheat_seeds":18,"minecraft:raw_gold":35,"minecraft:glowstone_dust":3,"lightsout:hanging_flags":6,"minecraft:oak_planks":12,"regions_unexplored:orange_coneflower":14,"lightsout:chocolate":13,"lightsout:watermelon_candy":8,"cgm:rifle":2,"lightsout:ancient_note_cryoma":1,"minecraft:sand":12,"farmersdelight:ham":1,"minecraft:mossy_cobblestone":1,"cgm:pistol":1,"minecraft:light_gray_concrete":3,"regions_unexplored:hyssop":1,"minecraft:diamond":26,"lightsout:music_disc_lights_out":2,"minecraft:granite":2,"lightsout:raw_human_flesh":1,"minecraft:bread":27,"minecraft:jack_o_lantern":1,"minecraft:oak_sapling":2,"minecraft:oak_leaves":16,"minecraft:crafting_table":2,"minecraft:spruce_leaves":36,"minecraft:coarse_dirt":3,"lightsout:double_jack_o_lantern":3,"minecraft:ladder":5,"lightsout:witchs_cauldron":2,"lightsout:ghost_cookie":23,"gravestone:obituary":7,"lightsout:cannibal_axe":2,"lightsout:hanging_bats":2,"lightsout:zombie_hands":2,"lightsout:raw_steel":2,"minecraft:beef":12,"regions_unexplored:maple_leaf_pile":8,"minecraft:poppy":1,"lightsout:ruby_sword":1,"minecraft:spruce_slab":1,"minecraft:sugar_cane":6,"minecraft:chest":3,"lightsout:lemon_candy":7,"minecraft:egg":2,"lightsout:music_disc_horror_night":2,"minecraft:raw_iron":39,"regions_unexplored:silver_birch_leaf_pile":39,"lightsout:steel_hammer":2,"lightsout:wall_spider":2,"minecraft:carrot":2,"minecraft:redstone":159,"lightsout:apple_candy":14,"lightsout:hanging_ghost":1,"regions_unexplored:silt_grass_block":1,"lightsout:fleshstone":3,"minecraft:arrow":17,"regions_unexplored:maple_sapling":4,"minecraft:beetroot_seeds":2,"lightsout:wisp_bottle":2,"minecraft:diamond_boots":1,"minecraft:hay_block":24,"mutantmonsters:mutant_skeleton_rib":1,"minecraft:mutton":12,"minecraft:white_wool":10,"minecraft:birch_leaves":53,"lightsout:hanging_skeleton":1,"minecraft:leather":8,"minecraft:oak_log":30,"minecraft:gunpowder":18,"minecraft:cobblestone_stairs":2,"lightsout:iron_hammer":1,"minecraft:apple":1,"minecraft:kelp":7,"lightsout:ectoplasm":13,"minecraft:iron_ingot":5,"lightsout:scarecrow":1,"minecraft:gravel":55,"lightsout:wind_essence":1,"minecraft:spruce_sapling":18,"minecraft:white_bed":5,"minecraft:spruce_log":35,"lightsout:amber_item":1,"minecraft:spider_eye":6,"minecraft:leather_helmet":1,"lightsout:electro_slime_ball":1,"minecraft:pumpkin_seeds":2,"minecraft:polished_diorite":1,"minecraft:stone_axe":1,"regions_unexplored:silver_birch_log":1,"regions_unexplored:maple_log":16,"lightsout:tumor":1,"minecraft:gray_wool":1,"minecraft:melon_seeds":3,"minecraft:coal":36},"minecraft:custom":{"minecraft:interact_with_crafting_table":47,"minecraft:open_barrel":46,"minecraft:leave_game":8,"minecraft:time_since_death":149504,"minecraft:sprint_one_cm":699111,"minecraft:drop":236,"minecraft:play_time":602308,"minecraft:deaths":10,"minecraft:jump":8981,"minecraft:walk_on_water_one_cm":25321,"minecraft:interact_with_furnace":37,"minecraft:play_record":11,"minecraft:sleep_in_bed":4,"minecraft:damage_dealt":31086,"minecraft:player_kills":19,"minecraft:crouch_one_cm":128477,"minecraft:mob_kills":204,"minecraft:damage_dealt_resisted":2797,"minecraft:climb_one_cm":61027,"minecraft:walk_one_cm":687676,"minecraft:sneak_time":46787,"minecraft:walk_under_water_one_cm":40042,"minecraft:total_world_time":602308,"minecraft:time_since_rest":1321,"minecraft:damage_taken":9949,"minecraft:damage_absorbed":40,"minecraft:swim_one_cm":53003,"minecraft:fly_one_cm":3272323,"minecraft:open_chest":171,"minecraft:fall_one_cm":240219},"minecraft:dropped":{"minecraft:diamond":18,"iammusicplayer:cassette_tape_glass":2,"lightsout:trumpet":1,"minecraft:lantern":2,"minecraft:leather":2,"lightsout:apple_candy":1,"minecraft:spruce_leaves":67,"regions_unexplored:red_maple_leaf_pile":1,"minecraft:dirt":10,"lightsout:tumor":1,"minecraft:dark_oak_log":1,"gravestone:obituary":10,"minecraft:sand":1,"minecraft:iron_pickaxe":3,"paraglider:paraglider":2,"minecraft:white_wool":1,"minecraft:bone":2,"minecraft:gravel":43,"minecraft:stone_axe":1,"lightsout:raspberry_candy":2,"minecraft:cobbled_deepslate":449,"lightsout:chocolate":1,"minecraft:rotten_flesh":14,"regions_unexplored:maple_sapling":1,"iammusicplayer:boombox":3,"minecraft:chiseled_stone_bricks":1,"lightsout:steel_hammer":2,"minecraft:gunpowder":9,"lightsout:music_disc_halloween":1,"minecraft:ladder":3,"minecraft:arrow":13,"lightsout:music_disc_blood_horde":1,"minecraft:water_bucket":1,"minecraft:iron_ingot":50,"minecraft:bread":93,"lightsout:amber_item":16,"minecraft:wheat_seeds":8,"lightsout:watermelon_candy":1,"lightsout:double_jack_o_lantern":1,"minecraft:cobblestone":16,"lightsout:iron_hammer":1,"minecraft:copper_ingot":22,"lightsout:ruby_item":1,"minecraft:grass_block":1,"minecraft:stick":1,"lightsout:ectoplasm":3,"lightsout:wall_spider":1,"minecraft:gray_wool":1,"minecraft:torch":1,"minecraft:wooden_axe":1,"lightsout:rotten_brain":10,"regions_unexplored:silver_birch_leaf_pile":4,"minecraft:iron_shovel":1,"regions_unexplored:maple_leaves":1,"minecraft:spruce_sapling":8,"minecraft:stone_brick_slab":1,"minecraft:redstone":19,"cgm:rifle":1,"cgm:advanced_bullet":64,"minecraft:cobblestone_wall":2,"minecraft:tuff":82,"lightsout:raw_human_flesh":1,"minecraft:raw_iron":10,"iammusicplayer:radio_antenna":3,"sophisticatedbackpacks:backpack":1,"regions_unexplored:hyssop":1,"minecraft:shears":1,"lightsout:ruby_sword":1,"regions_unexplored:red_maple_leaves":1,"regions_unexplored:maple_leaf_pile":3,"minecraft:spider_eye":1,"minecraft:spruce_log":25,"minecraft:bow":1,"lightsout:cannibal_axe":2,"minecraft:stone_pickaxe":1,"minecraft:wooden_pickaxe":1,"minecraft:raw_gold":27,"regions_unexplored:silt_dirt":9},"minecraft:killed_by":{"minecraft:creeper":1,"mutantmonsters:mutant_creeper":1,"lightsout:tumor_brute":1,"lightsout:electro_slime":1,"lightsout:poltergeist_horror_night":1,"lightsout:clown_horror_night":1,"minecraft:iron_golem":1,"lightsout:cannibal_horror_night":1},"minecraft:killed":{"lightsout:ghost":1,"lightsout:the_host":1,"lightsout:tumor_brute":2,"lightsout:splitling_horror_night":1,"minecraft:spider":17,"lightsout:headless_horseman_horror_night":1,"lightsout:wraith":15,"minecraft:skeleton":16,"lightsout:severed_head":1,"lightsout:psychopath_horror_night":1,"lightsout:glow_bug":2,"minecraft:bee":1,"minecraft:chicken":2,"lightsout:blue_jellyfish":1,"lightsout:candy_creeper_halloween":3,"lightsout:fleshling":1,"minecraft:pig":6,"mokey:mokey":7,"lightsout:swamp_thing_horror_night":1,"minecraft:zombie_villager":2,"minecraft:iron_golem":1,"lightsout:punchkin":1,"mutantmonsters:mutant_skeleton":1,"minecraft:creeper":20,"lightsout:clown":1,"minecraft:sheep":8,"lightsout:deepling":1,"minecraft:zombie":52,"minecraft:donkey":1,"lightsout:reaper":2,"lightsout:pumpkin_mimic_horror_night":1,"cave_dweller:cave_dweller":1,"lightsout:cannibal_horror_night":3,"lightsout:mothron":1,"minecraft:cow":5,"lightsout:the_possesed":1,"lightsout:stoneling":3,"lightsout:punchkin_horror_night":2,"lightsout:gobbler":1,"lightsout:cave_sea_worm":1,"lightsout:reaper_horror_night":1,"lightsout:rockling":1,"lightsout:fritz_horror_night":1,"lightsout:undead_miner":1,"lightsout:nimbus_normal":1,"lightsout:crazy_professor":1,"lightsout:statue":1,"minecraft:enderman":4},"minecraft:mined":{"create:deepslate_zinc_ore":20,"minecraft:spruce_planks":1,"minecraft:white_bed":6,"regions_unexplored:maple_planks":1,"regions_unexplored:maple_log":2,"minecraft:cobblestone_stairs":3,"minecraft:grass_block":4,"lightsout:ancient_note_cryoma":1,"iammusicplayer:boombox":2,"minecraft:spawner":5,"minecraft:iron_ore":19,"minecraft:cobbled_deepslate":3,"regions_unexplored:mossy_stone":1,"minecraft:deepslate_lapis_ore":1,"regions_unexplored:silver_birch_leaves":10,"lightsout:witchs_cauldron":1,"minecraft:oak_stairs":2,"minecraft:light_gray_concrete":3,"regions_unexplored:silt_grass_block":1,"lightsout:autumn_birch_leaves":2,"minecraft:spruce_slab":1,"minecraft:deepslate_redstone_ore":26,"minecraft:torch":2,"minecraft:chest":3,"minecraft:cobblestone":24,"lightsout:wisp_bottle":2,"minecraft:oak_planks":15,"minecraft:sugar_cane":1,"minecraft:wall_torch":3,"lightsout:jade_ore":1,"minecraft:jukebox":3,"minecraft:grass":75,"minecraft:oak_log":22,"minecraft:sand":14,"minecraft:dirt":4,"minecraft:stonecutter":2,"minecraft:oak_leaves":25,"minecraft:deepslate":16,"minecraft:tuff":22,"minecraft:deepslate_diamond_ore":1,"lightsout:scarecrow":1,"gravestone:gravestone":6,"minecraft:ladder":2,"lightsout:amber_ore":1,"lightsout:double_jack_o_lantern":2,"regions_unexplored:maple_leaves":30,"minecraft:spruce_leaves":90,"lightsout:lamp":1,"minecraft:hay_block":24,"minecraft:redstone_ore":5,"minecraft:deepslate_iron_ore":11,"regions_unexplored:red_maple_leaves":3,"regions_unexplored:medium_grass":10,"minecraft:stone":49,"minecraft:white_wool":4,"regions_unexplored:orange_coneflower":1,"lightsout:zombie_hands":1,"minecraft:glass_pane":1,"regions_unexplored:silver_birch_leaf_pile":6,"minecraft:oak_fence":1,"minecraft:crafting_table":2,"regions_unexplored:silt_dirt":4,"minecraft:rose_bush":1,"minecraft:copper_ore":7,"minecraft:tall_grass":7,"minecraft:deepslate_gold_ore":1,"minecraft:diorite":7,"lightsout:hanging_flags":2,"farmersdelight:wild_beetroots":2,"minecraft:spruce_log":32,"regions_unexplored:red_maple_leaf_pile":1,"minecraft:coal_ore":26,"minecraft:gravel":21,"lightsout:steel_ore":1},"minecraft:broken":{"minecraft:golden_leggings":1,"lightsout:cannibal_axe":1,"minecraft:leather_helmet":1,"minecraft:stone_sword":1,"minecraft:golden_axe":1,"farmersdelight:golden_knife":1},"minecraft:used":{"minecraft:jack_o_lantern":1,"cgm:machine_pistol":103,"minecraft:iron_shovel":43,"minecraft:polished_deepslate":13,"minecraft:spruce_slab":87,"lightsout:double_jack_o_lantern":2,"minecraft:ladder":15,"lightsout:music_disc_slender":5,"minecraft:chest":10,"minecraft:stone":78,"minecraft:iron_sword":85,"regions_unexplored:red_maple_leaves":7,"minecraft:spruce_leaves":175,"iammusicplayer:boombox":9,"minecraft:tuff":4,"lightsout:raspberry_candy":4,"create:metal_girder":2,"minecraft:obsidian":18,"lightsout:music_disc_halloween":2,"create:train_trapdoor":2,"minecraft:grass_block":209,"cgm:shotgun":1,"minecraft:lantern":30,"lightsout:hanging_flags":2,"minecraft:stone_bricks":12,"create:experience_block":1,"minecraft:bow":57,"minecraft:furnace":2,"regions_unexplored:maple_leaves":8,"cgm:heavy_rifle":7,"minecraft:diorite":7,"minecraft:oak_planks":43,"iammusicplayer:cassette_deck":1,"minecraft:stone_pickaxe":9,"lightsout:chocolate":7,"minecraft:oak_leaves":5,"iammusicplayer:music_manager":3,"minecraft:white_wool":5,"minecraft:golden_apple":1,"lightsout:music_disc_lights_out":2,"cgm:bazooka":8,"minecraft:stone_brick_wall":67,"minecraft:shears":40,"minecraft:bread":123,"farmersdelight:ham":1,"cgm:assault_rifle":37,"lightsout:watermelon_candy":3,"create:framed_glass_door":1,"minecraft:coarse_dirt":1,"cgm:mini_gun":1048,"minecraft:bone_meal":29,"minecraft:oak_fence":12,"lightsout:sitting_skeleton":3,"lightsout:ghost_cookie":1,"lightsout:watcher_spawn_egg":1,"minecraft:netherite_sword":14,"minecraft:stone_sword":237,"minecraft:flint_and_steel":9,"minecraft:spruce_planks":1,"regions_unexplored:silt_grass_block":45,"lightsout:cannibal_axe":183,"regions_unexplored:maple_planks":1,"minecraft:torch":69,"minecraft:dirt":4,"create:andesite_door":4,"cgm:workbench":1,"lightsout:witchs_cauldron":1,"minecraft:spruce_stairs":3,"minecraft:cobblestone_wall":21,"minecraft:golden_shovel":2,"cgm:rifle":300,"minecraft:granite":1,"minecraft:stone_brick_slab":75,"minecraft:wooden_axe":41,"minecraft:oak_stairs":58,"create:copycat_step":5,"minecraft:barrel":4,"cgm:grenade_launcher":1,"lightsout:fleshling_spawn_egg":1,"lightsout:steel_hammer":7,"minecraft:cobbled_deepslate":46,"minecraft:golden_axe":29,"minecraft:iron_leggings":1,"minecraft:cooked_mutton":10,"minecraft:water_bucket":17,"minecraft:cobblestone_stairs":2,"cgm:pistol":360,"lightsout:wisp_bottle":5,"create:train_door":1,"farmersdelight:golden_knife":38,"mutantmonsters:endersoul_hand":15,"lightsout:death_sickle":14,"minecraft:stonecutter":1,"create:framed_glass_trapdoor":1,"lightsout:apple_candy":5,"minecraft:crafting_table":9,"minecraft:white_bed":6,"minecraft:light_gray_concrete_powder":3,"lightsout:iron_hammer":32,"minecraft:spruce_log":453,"minecraft:oak_log":2,"minecraft:wooden_hoe":24,"minecraft:apple":1,"minecraft:iron_pickaxe":217,"lightsout:lemon_candy":3,"lightsout:music_disc_horror_night":1,"minecraft:spruce_sapling":13,"minecraft:chiseled_stone_bricks":23,"minecraft:cobblestone":541,"lightsout:music_disc_blood_horde":1,"minecraft:cooked_porkchop":1,"lightsout:tumor_brute_spawn_egg":2,"minecraft:bucket":17,"minecraft:glass_pane":12,"regions_unexplored:maple_log":4,"lightsout:zombie_hands":1,"minecraft:jukebox":6,"regions_unexplored:silt_dirt":1}},"DataVersion":3120}