{"stats":{"minecraft:mined":{"create:deepslate_zinc_ore":20,"minecraft:spruce_planks":1,"minecraft:white_bed":6,"regions_unexplored:maple_planks":1,"minecraft:deepslate_diamond_ore":1,"minecraft:cobblestone_stairs":3,"lightsout:scarecrow":1,"gravestone:gravestone":3,"minecraft:ladder":2,"minecraft:grass_block":4,"lightsout:amber_ore":1,"lightsout:ancient_note_cryoma":1,"minecraft:spruce_leaves":89,"minecraft:spawner":5,"minecraft:hay_block":24,"minecraft:redstone_ore":5,"minecraft:iron_ore":19,"regions_unexplored:mossy_stone":1,"minecraft:deepslate_lapis_ore":1,"regions_unexplored:silver_birch_leaves":10,"minecraft:deepslate_iron_ore":11,"lightsout:witchs_cauldron":1,"minecraft:oak_stairs":2,"regions_unexplored:medium_grass":5,"minecraft:stone":34,"minecraft:white_wool":4,"lightsout:autumn_birch_leaves":2,"minecraft:spruce_slab":1,"regions_unexplored:orange_coneflower":1,"minecraft:deepslate_redstone_ore":26,"lightsout:zombie_hands":1,"minecraft:glass_pane":1,"regions_unexplored:silver_birch_leaf_pile":6,"minecraft:oak_fence":1,"minecraft:crafting_table":2,"minecraft:torch":2,"minecraft:chest":3,"minecraft:tall_grass":7,"minecraft:copper_ore":1,"minecraft:cobblestone":16,"minecraft:deepslate_gold_ore":1,"lightsout:wisp_bottle":2,"minecraft:sugar_cane":1,"minecraft:oak_planks":15,"minecraft:diorite":7,"minecraft:wall_torch":3,"lightsout:hanging_flags":2,"farmersdelight:wild_beetroots":2,"lightsout:jade_ore":1,"minecraft:spruce_log":32,"minecraft:jukebox":3,"minecraft:grass":66,"minecraft:oak_log":22,"minecraft:coal_ore":26,"minecraft:dirt":4,"lightsout:steel_ore":1,"minecraft:stonecutter":2,"minecraft:deepslate":6,"minecraft:oak_leaves":25},"minecraft:broken":{"minecraft:leather_helmet":1,"minecraft:stone_sword":1,"minecraft:golden_axe":1,"farmersdelight:golden_knife":1,"lightsout:cannibal_axe":1},"minecraft:crafted":{"minecraft:oak_planks":72,"iammusicplayer:music_manager":1,"iammusicplayer:cassette_deck":2,"minecraft:iron_nugget":9,"minecraft:furnace":1,"minecraft:ladder":9,"minecraft:spruce_slab":24,"minecraft:stone_pickaxe":1,"minecraft:chest":3,"iammusicplayer:cassette_tape_glass":1,"minecraft:redstone_block":1,"iammusicplayer:parabolic_antenna":1,"minecraft:wheat":216,"minecraft:cooked_porkchop":8,"sophisticatedbackpacks:backpack":1,"minecraft:crafting_table":5,"minecraft:spruce_planks":68,"iammusicplayer:cassette_tape":1,"minecraft:dried_kelp":7,"minecraft:iron_sword":1,"minecraft:birch_planks":4,"minecraft:bread":72,"minecraft:air":0,"minecraft:wooden_hoe":1,"minecraft:stick":24,"minecraft:iron_ingot":16,"minecraft:iron_pickaxe":1,"minecraft:wooden_axe":1,"minecraft:iron_block":1,"minecraft:torch":4,"minecraft:shears":1},"minecraft:dropped":{"minecraft:bread":53,"minecraft:wheat_seeds":3,"lightsout:watermelon_candy":1,"lightsout:apple_candy":1,"minecraft:spruce_leaves":67,"minecraft:dirt":1,"minecraft:torch":1,"gravestone:obituary":6,"minecraft:white_wool":1,"lightsout:raspberry_candy":2,"lightsout:chocolate":1,"sophisticatedbackpacks:backpack":1,"minecraft:shears":1,"lightsout:steel_hammer":1,"minecraft:ladder":1,"minecraft:spruce_log":24},"minecraft:used":{"minecraft:netherite_sword":14,"lightsout:watcher_spawn_egg":1,"minecraft:jack_o_lantern":1,"minecraft:stone_sword":237,"minecraft:flint_and_steel":1,"minecraft:spruce_slab":27,"minecraft:ladder":10,"lightsout:music_disc_slender":5,"minecraft:spruce_planks":1,"minecraft:chest":10,"lightsout:cannibal_axe":125,"regions_unexplored:maple_planks":1,"minecraft:spruce_leaves":149,"minecraft:torch":64,"minecraft:dirt":4,"iammusicplayer:boombox":5,"create:andesite_door":4,"lightsout:witchs_cauldron":1,"minecraft:spruce_stairs":3,"minecraft:golden_shovel":2,"cgm:rifle":15,"lightsout:raspberry_candy":4,"minecraft:obsidian":18,"minecraft:wooden_axe":41,"lightsout:music_disc_halloween":1,"minecraft:lantern":10,"minecraft:oak_stairs":58,"minecraft:grass_block":4,"lightsout:hanging_flags":2,"minecraft:barrel":4,"minecraft:stone_bricks":12,"minecraft:furnace":2,"lightsout:steel_hammer":7,"minecraft:cobbled_deepslate":1,"cgm:heavy_rifle":6,"minecraft:golden_axe":29,"minecraft:water_bucket":4,"minecraft:diorite":7,"minecraft:cobblestone_stairs":2,"iammusicplayer:cassette_deck":1,"lightsout:wisp_bottle":5,"minecraft:stone_pickaxe":8,"cgm:pistol":47,"lightsout:chocolate":7,"minecraft:oak_planks":43,"farmersdelight:golden_knife":38,"mutantmonsters:endersoul_hand":15,"minecraft:stonecutter":1,"iammusicplayer:music_manager":1,"minecraft:white_wool":5,"minecraft:golden_apple":1,"lightsout:apple_candy":5,"minecraft:crafting_table":9,"lightsout:music_disc_lights_out":2,"minecraft:stone_brick_wall":67,"minecraft:white_bed":6,"minecraft:spruce_log":299,"minecraft:shears":40,"minecraft:oak_log":2,"minecraft:wooden_hoe":24,"minecraft:apple":1,"minecraft:bread":56,"minecraft:iron_pickaxe":178,"lightsout:lemon_candy":3,"farmersdelight:ham":1,"lightsout:music_disc_horror_night":1,"minecraft:spruce_sapling":2,"minecraft:cobblestone":101,"minecraft:cooked_porkchop":1,"lightsout:watermelon_candy":3,"minecraft:bucket":4,"minecraft:glass_pane":12,"regions_unexplored:maple_log":1,"cgm:mini_gun":16,"lightsout:zombie_hands":1,"minecraft:jukebox":4},"minecraft:killed_by":{"minecraft:creeper":1,"minecraft:iron_golem":1,"lightsout:cannibal_horror_night":1,"lightsout:poltergeist_horror_night":1},"minecraft:picked_up":{"minecraft:coarse_dirt":1,"lightsout:music_disc_slender":5,"minecraft:spruce_leaves":36,"minecraft:crafting_table":2,"lightsout:double_jack_o_lantern":1,"minecraft:ladder":4,"lightsout:witchs_cauldron":2,"minecraft:oak_stairs":2,"regions_unexplored:maple_planks":1,"lightsout:ghost_cookie":16,"gravestone:obituary":2,"minecraft:string":7,"minecraft:raw_copper":16,"lightsout:cannibal_axe":1,"minecraft:cobbled_deepslate":11,"minecraft:spruce_planks":1,"lightsout:hanging_bats":2,"lightsout:zombie_hands":2,"lightsout:raw_steel":2,"minecraft:beef":9,"minecraft:poppy":1,"minecraft:spruce_slab":1,"minecraft:sugar_cane":6,"minecraft:chest":3,"farmersdelight:cabbage_seeds":4,"lightsout:lemon_candy":6,"minecraft:egg":2,"lightsout:music_disc_horror_night":2,"minecraft:stick":10,"minecraft:raw_iron":29,"regions_unexplored:silver_birch_leaf_pile":35,"minecraft:jukebox":3,"lightsout:steel_hammer":1,"minecraft:oak_fence":4,"minecraft:torch":8,"lightsout:wall_spider":1,"lightsout:raw_jade":1,"minecraft:porkchop":8,"minecraft:diorite":78,"minecraft:redstone":140,"lightsout:apple_candy":11,"lightsout:hanging_ghost":1,"minecraft:stone_sword":1,"minecraft:rotten_flesh":7,"lightsout:hanging_pumpkins":4,"regions_unexplored:maple_sapling":1,"minecraft:beetroot_seeds":2,"lightsout:wisp_bottle":2,"lightsout:raspberry_candy":9,"minecraft:hay_block":24,"farmersdelight:rope":9,"minecraft:mutton":10,"iammusicplayer:boombox":5,"minecraft:cobblestone":613,"minecraft:white_wool":10,"lightsout:music_disc_halloween":1,"minecraft:birch_leaves":53,"lightsout:hanging_skeleton":1,"minecraft:andesite":120,"minecraft:leather":8,"paraglider:spirit_orb":10,"create:raw_zinc":25,"minecraft:oak_log":30,"minecraft:gunpowder":8,"minecraft:cobblestone_stairs":2,"minecraft:lapis_lazuli":7,"minecraft:dirt":8,"minecraft:name_tag":1,"lightsout:rotten_brain":2,"minecraft:bone":2,"minecraft:kelp":7,"minecraft:apple":1,"minecraft:stonecutter":2,"lightsout:ectoplasm":4,"minecraft:wheat_seeds":7,"minecraft:raw_gold":1,"minecraft:iron_ingot":5,"minecraft:glowstone_dust":1,"lightsout:hanging_flags":6,"minecraft:oak_planks":12,"regions_unexplored:orange_coneflower":14,"lightsout:chocolate":10,"lightsout:watermelon_candy":5,"lightsout:scarecrow":1,"lightsout:ancient_note_cryoma":1,"lightsout:wind_essence":1,"minecraft:spruce_sapling":9,"minecraft:white_bed":5,"minecraft:spruce_log":32,"lightsout:amber_item":1,"farmersdelight:ham":1,"minecraft:leather_helmet":1,"minecraft:spider_eye":2,"minecraft:mossy_cobblestone":1,"minecraft:pumpkin_seeds":2,"minecraft:diamond":6,"lightsout:music_disc_lights_out":2,"regions_unexplored:silver_birch_log":1,"minecraft:granite":1,"regions_unexplored:maple_log":14,"minecraft:bread":6,"minecraft:jack_o_lantern":1,"minecraft:oak_sapling":2,"minecraft:melon_seeds":3,"minecraft:coal":36,"minecraft:oak_leaves":16},"minecraft:custom":{"minecraft:mob_kills":68,"minecraft:interact_with_crafting_table":32,"minecraft:open_barrel":11,"minecraft:damage_dealt_resisted":1552,"minecraft:leave_game":4,"minecraft:time_since_death":104609,"minecraft:climb_one_cm":20503,"minecraft:sprint_one_cm":320283,"minecraft:walk_one_cm":241393,"minecraft:drop":80,"minecraft:play_time":269580,"minecraft:deaths":6,"minecraft:sneak_time":25340,"minecraft:walk_under_water_one_cm":23139,"minecraft:jump":4682,"minecraft:walk_on_water_one_cm":19343,"minecraft:total_world_time":269580,"minecraft:interact_with_furnace":10,"minecraft:play_record":9,"minecraft:sleep_in_bed":3,"minecraft:time_since_rest":79069,"minecraft:damage_taken":4657,"minecraft:damage_absorbed":40,"minecraft:damage_dealt":20212,"minecraft:player_kills":1,"minecraft:swim_one_cm":46514,"minecraft:fly_one_cm":1241048,"minecraft:open_chest":46,"minecraft:crouch_one_cm":63652,"minecraft:fall_one_cm":146889},"minecraft:killed":{"lightsout:ghost":1,"lightsout:the_host":1,"lightsout:the_possesed":1,"lightsout:splitling_horror_night":1,"lightsout:stoneling":3,"minecraft:spider":4,"lightsout:headless_horseman_horror_night":1,"lightsout:wraith":3,"lightsout:punchkin_horror_night":2,"minecraft:skeleton":1,"lightsout:severed_head":1,"lightsout:glow_bug":1,"lightsout:psychopath_horror_night":1,"lightsout:gobbler":1,"minecraft:chicken":2,"lightsout:reaper_horror_night":1,"lightsout:rockling":1,"lightsout:fritz_horror_night":1,"lightsout:undead_miner":1,"lightsout:nimbus_normal":1,"mokey:mokey":3,"minecraft:pig":4,"lightsout:swamp_thing_horror_night":1,"minecraft:iron_golem":1,"lightsout:punchkin":1,"minecraft:creeper":1,"minecraft:sheep":7,"lightsout:deepling":1,"minecraft:donkey":1,"minecraft:zombie":7,"lightsout:pumpkin_mimic_horror_night":1,"lightsout:statue":1,"lightsout:cannibal_horror_night":3,"lightsout:mothron":1,"minecraft:cow":4}},"DataVersion":3120}