{"stats":{"minecraft:mined":{"create:zinc_ore":11,"minecraft:large_amethyst_bud":4,"minecraft:tuff":14,"minecraft:spruce_planks":17,"minecraft:deepslate_diamond_ore":2,"lightsout:ruby_ore":5,"minecraft:granite":30,"gravestone:gravestone":22,"minecraft:ladder":6,"minecraft:budding_amethyst":5,"minecraft:grass_block":2,"lightsout:amber_ore":16,"iammusicplayer:boombox":1,"minecraft:polished_diorite":21,"minecraft:spruce_leaves":41,"minecraft:iron_ore":2,"minecraft:cobbled_deepslate":17,"minecraft:andesite":29,"minecraft:deepslate_lapis_ore":2,"create:asurine":7,"minecraft:polished_deepslate":3,"lightsout:sitting_skeleton":1,"minecraft:deepslate_iron_ore":16,"minecraft:small_amethyst_bud":4,"regions_unexplored:orange_maple_leaf_pile":1,"minecraft:stone":138,"minecraft:podzol":4,"minecraft:deepslate_redstone_ore":2,"minecraft:medium_amethyst_bud":3,"minecraft:amethyst_cluster":1,"minecraft:crafting_table":1,"minecraft:torch":1,"minecraft:calcite":1,"minecraft:tall_grass":1,"minecraft:copper_ore":7,"minecraft:cobblestone":13,"minecraft:lapis_ore":5,"minecraft:deepslate_gold_ore":5,"minecraft:diorite":27,"minecraft:wall_torch":2,"minecraft:amethyst_block":10,"minecraft:deepslate_copper_ore":2,"minecraft:spruce_log":64,"minecraft:grass":7,"minecraft:gravel":2,"minecraft:dirt":20,"minecraft:smooth_basalt":1,"minecraft:gold_ore":8,"minecraft:deepslate":143},"minecraft:broken":{"minecraft:stone_pickaxe":1},"minecraft:killed_by":{"minecraft:player":14,"minecraft:spider":1,"lightsout:wraith":1,"mutantmonsters:mutant_creeper":1,"minecraft:skeleton":3,"minecraft:phantom":1,"mokey:mokey":1},"minecraft:picked_up":{"minecraft:wooden_axe":1,"minecraft:crafting_table":1,"lightsout:double_jack_o_lantern":1,"cgm:basic_bullet":99,"minecraft:ladder":9,"minecraft:wooden_pickaxe":1,"regions_unexplored:maple_planks":8,"gravestone:obituary":9,"regions_unexplored:red_maple_leaf_pile":2,"minecraft:amethyst_block":8,"minecraft:polished_deepslate":3,"minecraft:string":4,"minecraft:raw_copper":119,"lightsout:cannibal_axe":1,"minecraft:iron_shovel":1,"minecraft:cobbled_deepslate":956,"minecraft:spruce_planks":17,"regions_unexplored:maple_leaf_pile":3,"minecraft:calcite":17,"minecraft:iron_pickaxe":3,"cgm:advanced_bullet":290,"minecraft:stick":7,"minecraft:raw_iron":40,"minecraft:copper_ingot":22,"lightsout:steel_hammer":4,"minecraft:torch":13,"minecraft:diorite":40,"minecraft:redstone":19,"lightsout:raw_adamantit":1,"minecraft:arrow":17,"minecraft:rotten_flesh":14,"lightsout:death_sickle":1,"create:asurine":95,"iammusicplayer:boombox":2,"minecraft:cobblestone":196,"paraglider:paraglider":2,"minecraft:water_bucket":1,"minecraft:andesite":29,"minecraft:tuff":130,"create:raw_zinc":11,"minecraft:gunpowder":4,"minecraft:lapis_lazuli":66,"minecraft:dirt":27,"lightsout:rotten_brain":1,"lightsout:ruby_item":6,"minecraft:bone":9,"minecraft:wheat_seeds":5,"minecraft:raw_gold":27,"minecraft:stone_pickaxe":1,"minecraft:iron_ingot":36,"minecraft:iron_sword":1,"lightsout:sitting_skeleton":1,"cgm:rifle":3,"minecraft:amethyst_shard":4,"minecraft:spruce_sapling":5,"sophisticatedbackpacks:iron_backpack":1,"minecraft:spruce_log":66,"minecraft:grass_block":1,"lightsout:amber_item":32,"cgm:pistol":1,"minecraft:polished_diorite":3,"minecraft:diamond":23,"minecraft:stone_axe":2,"minecraft:granite":33,"minecraft:bread":19},"minecraft:killed":{"minecraft:phantom":1,"minecraft:skeleton":1,"minecraft:creeper":1,"lightsout:lurker":1,"minecraft:zombie":6,"lightsout:creeper_skeleton":1},"minecraft:dropped":{"minecraft:iron_ingot":1,"minecraft:wheat_seeds":4,"minecraft:diamond":5,"minecraft:cobblestone":1,"minecraft:granite":3,"lightsout:ruby_item":2,"minecraft:grass_block":2,"minecraft:stick":6,"lightsout:wall_spider":1,"minecraft:dirt":9,"minecraft:diorite":20,"minecraft:torch":9,"minecraft:wooden_axe":2,"gravestone:obituary":13,"minecraft:iron_pickaxe":1,"minecraft:string":2,"minecraft:bone":6,"cgm:rifle":1,"minecraft:polished_diorite":2,"cgm:advanced_bullet":32,"minecraft:cobbled_deepslate":4,"minecraft:raw_copper":88,"minecraft:rotten_flesh":9,"create:asurine":2,"lightsout:steel_hammer":2,"regions_unexplored:maple_leaf_pile":1,"minecraft:diamond_boots":1,"minecraft:spruce_log":5,"minecraft:arrow":6,"minecraft:calcite":5},"minecraft:used":{"minecraft:polished_deepslate":55,"minecraft:ladder":32,"minecraft:spruce_planks":44,"minecraft:chest":2,"minecraft:torch":108,"minecraft:dirt":18,"cgm:rifle":25,"minecraft:polished_diorite":21,"minecraft:wooden_axe":24,"lightsout:ruby_sword":19,"minecraft:furnace":2,"minecraft:cobbled_deepslate":92,"lightsout:steel_hammer":156,"minecraft:stone_pickaxe":252,"minecraft:wooden_pickaxe":16,"minecraft:crafting_table":2,"minecraft:bread":20,"minecraft:iron_pickaxe":161,"minecraft:spruce_sapling":4,"minecraft:stone_axe":86,"minecraft:cobblestone":85,"minecraft:andesite":1,"lightsout:sitting_skeleton":1},"minecraft:custom":{"minecraft:mob_kills":12,"minecraft:interact_with_crafting_table":31,"minecraft:open_barrel":7,"minecraft:time_since_death":10620,"minecraft:climb_one_cm":60026,"minecraft:sprint_one_cm":205051,"minecraft:walk_one_cm":459965,"minecraft:drop":54,"minecraft:play_time":232457,"minecraft:deaths":23,"minecraft:sneak_time":3323,"minecraft:walk_under_water_one_cm":3366,"minecraft:jump":2092,"minecraft:walk_on_water_one_cm":1270,"minecraft:total_world_time":232457,"minecraft:interact_with_furnace":37,"minecraft:time_since_rest":10648,"minecraft:damage_taken":8543,"minecraft:damage_dealt":1248,"minecraft:fly_one_cm":237780,"minecraft:open_chest":24,"minecraft:crouch_one_cm":11159,"minecraft:fall_one_cm":76296},"minecraft:crafted":{"minecraft:furnace":2,"minecraft:polished_diorite":20,"minecraft:polished_deepslate":88,"minecraft:ladder":27,"minecraft:stone_pickaxe":2,"minecraft:chest":2,"minecraft:diamond_boots":1,"minecraft:crafting_table":1,"minecraft:spruce_planks":132,"minecraft:wooden_pickaxe":1,"lightsout:ruby_sword":1,"minecraft:copper_ingot":18,"minecraft:stone_axe":1,"minecraft:charcoal":28,"minecraft:stick":100,"minecraft:iron_ingot":30,"minecraft:iron_pickaxe":2,"minecraft:wooden_axe":1,"minecraft:torch":104}},"DataVersion":3120}