{
  "minecraft:adventure/root": {
    "criteria": {
      "killed_something": "2024-05-12 06:04:35 +0000"
    },
    "done": true
  },
  "minecraft:adventure/kill_a_mob": {
    "criteria": {
      "minecraft:spider": "2024-05-12 06:04:35 +0000"
    },
    "done": true
  },
  "minecraft:adventure/kill_all_mobs": {
    "criteria": {
      "minecraft:spider": "2024-05-12 06:04:35 +0000"
    },
    "done": false
  },
  "minecraft:adventure/adventuring_time": {
    "criteria": {
      "minecraft:snowy_plains": "2024-05-12 06:00:33 +0000"
    },
    "done": false
  },
  "DataVersion": 3120
}